name,enabled,n_phases,n_conds,base_freq,x_hl,x_ht,x_lt,pct_load_loss,ppm_anti_float
mdv_sub_1,true,3,4,60,0.06971663829598414,0.35,0.3,0.6623755875367923,1E-6
mdv201_1144260fuse-1b,true,1,2,60,0.02,0.35,0.3,1.5,1E-6
mdv201_hn_2_461_c62251-1c,true,1,2,60,0.02,0.35,0.3,1.4,1E-6
mdv201_6569elb-1b,true,1,2,60,0.02,0.35,0.3,1.4,1E-6
mdv201_hn_2_464_c62232-1c,true,1,2,60,0.02,0.35,0.3,1.5,1E-6
mdv201_hn_2_849_b94730-1b,true,1,2,60,0.02,0.35,0.3,1.5,1E-6
mdv201_hn_2_683_a39601-1a,true,1,2,60,0.02,0.35,0.3,1.5,1E-6
mdv201_hn_2_093_abc63714-1b,true,1,2,60,0.02,0.35,0.3,1.65,1E-6
mdv201_hn_2_414_a843-1a,true,1,2,60,0.02,0.35,0.3,1.5,1E-6
mdv201_hn_2_523_c856-1c,true,1,2,60,0.02,0.35,0.3,1.5,1E-6
mdv201_da_8_946_b56776-1b,true,1,2,60,0.02,0.35,0.3,1.5,1E-6
mdv201_hn_2_398_b63633-1b,true,1,2,60,0.02,0.35,0.3,1.5,1E-6
mdv201_da_8_924_a56786-1a,true,1,2,60,0.02,0.35,0.3,1.5,1E-6
mdv201_hn_2_955_b39752-1b,true,1,2,60,0.02,0.35,0.3,1.5,1E-6
mdv201_hn_2_843_b69621-1b,true,1,2,60,0.02,0.35,0.3,1.5,1E-6
mdv201_hn_2_675_c89783-1c,true,1,2,60,0.02,0.35,0.3,1.5,1E-6
mdv201_hn_2_403_b792-1b,true,1,2,60,0.02,0.35,0.3,1.5,1E-6
mdv201_hn_2_528_c8154-1c,true,1,2,60,0.02,0.35,0.3,1.5,1E-6
mdv201_c_1_370_b69485-1b,true,1,2,60,0.02,0.35,0.3,1.65,1E-6
mdv201_hn_2_949_c8180-1c,true,1,2,60,0.02,0.35,0.3,1.5,1E-6
mdv201_hn_2_837_b39584-1b,true,1,2,60,0.02,0.35,0.3,1.5,1E-6
mdv201_hn_2_669_c89789-1c,true,1,2,60,0.02,0.35,0.3,1.5,1E-6
mdv201_hn_2_433_b787-1b,true,1,2,60,0.02,0.35,0.3,1.3,1E-6
mdv201_hn_2_459_c62259-1c,true,1,2,60,0.02,0.35,0.3,1.5,1E-6
mdv201_hn_2_942_c89791-1c,true,1,2,60,0.02,0.35,0.3,1.5,1E-6
mdv201_hn_2_663_c62247-1c,true,1,2,60,0.02,0.35,0.3,1.5,1E-6
mdv201_hn_2_159_b6572-1b,true,1,2,60,0.02,0.35,0.3,1.65,1E-6
mdv201_hn_2_070_a1144231-1a,true,1,2,60,0.02,0.35,0.3,1.65,1E-6
mdv201_hn_2_422_a790-1a,true,1,2,60,0.02,0.35,0.3,1.5,1E-6
mdv201_hn_2_389_b63636-1b,true,1,2,60,0.02,0.35,0.3,1.4,1E-6
mdv201_hn_2_936_b14995-1b,true,1,2,60,0.02,0.35,0.3,1.4,1E-6
mdv201_hn_2_821_b39618-1b,true,1,2,60,0.02,0.35,0.3,1.5,1E-6
mdv201_hn_2_656_a14864-1a,true,1,2,60,0.02,0.35,0.3,1.5,1E-6
mdv201_hn_2_304_a8174-1a,true,1,2,60,0.02,0.35,0.3,1.5,1E-6
mdv201_63677fuse-1a,true,1,2,60,0.02,0.35,0.3,1.5,1E-6
mdv201_hn_2_357_c28293-1c,true,1,2,60,0.02,0.35,0.3,1.65,1E-6
mdv201_hn_2_489_c8104-1c,true,1,2,60,0.02,0.35,0.3,1.65,1E-6
mdv201_hn_2_650_a28242-1a,true,1,2,60,0.02,0.35,0.3,1.5,1E-6
mdv201_hn_2_537_c8094-1c,true,1,2,60,0.02,0.35,0.3,1.3,1E-6
mdv201_hn_21095_c1148537-1c,true,1,2,60,0.02,0.35,0.3,1.5,1E-6
mdv201_hn_2_283_abc14857-1b,true,1,2,60,0.02,0.35,0.3,1.5,1E-6
mdv201_da_8_155_abc46395-1c,true,1,2,60,0.02,0.35,0.3,1.65,1E-6
mdv201_hn_1_380_c1012407-1c,true,1,2,60,0.02,0.35,0.3,1.4,1E-6
mdv201_c_1_124_abc69481-1b,true,1,2,60,0.02,0.35,0.3,1.4,1E-6
mdv201_112113fuse-1a,true,1,2,60,0.02,0.35,0.3,1.5,1E-6
mdv201_c_1_162_a69459-1a,true,1,2,60,0.02,0.35,0.3,1.5,1E-6
mdv201_hn_2_644_a28238-1a,true,1,2,60,0.02,0.35,0.3,1.5,1E-6
mdv201_hn_2_147_c14840-1c,true,1,2,60,0.02,0.35,0.3,1.4,1E-6
mdv201_hn_2_012_c28259-1c,true,1,2,60,0.02,0.35,0.3,1.3,1E-6
mdv201_hn_2_016_abc63680-1c,true,1,2,60,0.02,0.35,0.3,1.65,1E-6
mdv201_hn_2_408_abc63655-1b,true,1,2,60,0.02,0.35,0.3,1.5,1E-6
mdv201_1144240fuse-1a,true,1,2,60,0.02,0.35,0.3,1.5,1E-6
mdv201_hn_2_907_a39581-1a,true,1,2,60,0.02,0.35,0.3,1.5,1E-6
mdv201_hn_2_803_b837-1b,true,1,2,60,0.02,0.35,0.3,1.4,1E-6
mdv201_hn_2_638_c28237-1c,true,1,2,60,0.02,0.35,0.3,1.5,1E-6
mdv201_hn_2_107_a39589-1a,true,1,2,60,0.02,0.35,0.3,1.5,1E-6
mdv201_da_8_202_c74456-1c,true,1,2,60,0.02,0.35,0.3,1.5,1E-6
mdv201_hn_2_029_abc62262-1b,true,1,2,60,0.02,0.35,0.3,1.65,1E-6
mdv201_hn_2_165_c39776-1c,true,1,2,60,0.02,0.35,0.3,1.4,1E-6
mdv201_da_8_861_b1149720-1b,true,1,2,60,0.02,0.35,0.3,1.5,1E-6
mdv201_c_1_409_a8138-1a,true,1,2,60,0.02,0.35,0.3,1.4,1E-6
mdv201_c_1_399_a21654-1a,true,1,2,60,0.02,0.35,0.3,1.4,1E-6
mdv201_hn_2_632_c28235-1c,true,1,2,60,0.02,0.35,0.3,1.5,1E-6
mdv201_hn_2_320_c28302-1c,true,1,2,60,0.02,0.35,0.3,1.65,1E-6
mdv201_hn_2_386_b811-1b,true,1,2,60,0.02,0.35,0.3,1.5,1E-6
mdv201_107997elb-1a,true,1,2,60,0.02,0.35,0.3,1.4,1E-6
mdv201_hn_2_491_c8114-1c,true,1,2,60,0.02,0.35,0.3,1.5,1E-6
mdv201_hn_2_118_abc28287-1a,true,1,2,60,0.02,0.35,0.3,1.5,1E-6
mdv201_39756elb-1b,true,1,2,60,0.02,0.35,0.3,1.5,1E-6
mdv201_da_8_148_abc56777-1b,true,1,2,60,0.02,0.35,0.3,1.5,1E-6
mdv201_da_8_687_b74448-1b,true,1,2,60,0.02,0.35,0.3,1.3,1E-6
mdv201_hn_2_878_b1144266-1b,true,1,2,60,0.02,0.35,0.3,1.5,1E-6
mdv201_hn_2_760_abc28208-1a,true,1,2,60,0.02,0.35,0.3,1.65,1E-6
mdv201_hn_2_760_abc28208-1b,true,1,2,60,0.02,0.35,0.3,1.65,1E-6
mdv201_hn_2_760_abc28208-1c,true,1,2,60,0.02,0.35,0.3,1.65,1E-6
mdv201_hn_2_626_c14867-1c,true,1,2,60,0.02,0.35,0.3,1.5,1E-6
mdv201_hn_2_073_a8183-1a,true,1,2,60,0.02,0.35,0.3,1.4,1E-6
mdv201_da_8_360_b8205-1b,true,1,2,60,0.02,0.35,0.3,1.5,1E-6
mdv201_da_8_780_a1144234-1a,true,1,2,60,0.02,0.35,0.3,1.5,1E-6
mdv201_da_8_139_b56756-1b,true,1,2,60,0.02,0.35,0.3,1.5,1E-6
mdv201_hn_2_872_c63667-1c,true,1,2,60,0.02,0.35,0.3,1.5,1E-6
mdv201_hn_2_726_a63675-1a,true,1,2,60,0.02,0.35,0.3,1.5,1E-6
mdv201_hn_2_620_c28227-1c,true,1,2,60,0.02,0.35,0.3,1.5,1E-6
mdv201_da_8_697_b46390-1b,true,1,2,60,0.02,0.35,0.3,1.4,1E-6
mdv201_hn_1_334_c28312-1c,true,1,2,60,0.02,0.35,0.3,1.65,1E-6
mdv201_da_8_140_abc56751-1a,true,1,2,60,0.02,0.35,0.3,1.5,1E-6
mdv201_hn_2_866_c63673-1c,true,1,2,60,0.02,0.35,0.3,1.5,1E-6
mdv201_hn_2_718_c14876-1c,true,1,2,60,0.02,0.35,0.3,1.4,1E-6
mdv201_hn_2_157_b14989-1b,true,1,2,60,0.02,0.35,0.3,1.7,1E-6
mdv201_hn_2_407_b809-1b,true,1,2,60,0.02,0.35,0.3,1.4,1E-6
mdv201_hn_1_401_a39574-1a,true,1,2,60,0.02,0.35,0.3,1.75,1E-6
mdv201_hn_2_536_c8093-1c,true,1,2,60,0.02,0.35,0.3,1.65,1E-6
mdv201_hn_2_857_b94741-1b,true,1,2,60,0.02,0.35,0.3,1.5,1E-6
mdv201_hn_2_710_c52529-1c,true,1,2,60,0.02,0.35,0.3,1.5,1E-6
mdv201_hn_2_541_abc821-1b,true,1,2,60,0.02,0.35,0.3,1.65,1E-6
mdv201_hn_21041_c39773-1c,true,1,2,60,0.02,0.35,0.3,1.5,1E-6
mdv201_hn_2_602_a8151-1a,true,1,2,60,0.02,0.35,0.3,1.5,1E-6
mdv201_hn_2_391_b63644-1b,true,1,2,60,0.02,0.35,0.3,1.5,1E-6
mdv201_hn_2_966_a63718-1a,true,1,2,60,0.02,0.35,0.3,1.5,1E-6
mdv201_hn_2_850_b52520-1b,true,1,2,60,0.02,0.35,0.3,1.5,1E-6
mdv201_hn_2_697_c8125-1c,true,1,2,60,0.02,0.35,0.3,1.4,1E-6
mdv201_hn_2_405_b803-1b,true,1,2,60,0.02,0.35,0.3,1.5,1E-6
mdv201_hn_2_030_abc62265-1b,true,1,2,60,0.02,0.35,0.3,1.5,1E-6
mdv201_da_8_736_c74436-1c,true,1,2,60,0.02,0.35,0.3,1.5,1E-6
mdv201_hn_2_538_c8095-1c,true,1,2,60,0.02,0.35,0.3,1.4,1E-6
mdv201_da_8_917_a56768-1a,true,1,2,60,0.02,0.35,0.3,1.65,1E-6
mdv201_hn_2_956_b39753-1b,true,1,2,60,0.02,0.35,0.3,1.4,1E-6
mdv201_hn_2_844_b69622-1b,true,1,2,60,0.02,0.35,0.3,1.5,1E-6
mdv201_hn_2_676_c62306-1c,true,1,2,60,0.02,0.35,0.3,1.4,1E-6
mdv201_hn_2_412_a832-1a,true,1,2,60,0.02,0.35,0.3,1.5,1E-6
mdv201_hn_2_115_abc58446-1b,true,1,2,60,0.02,0.35,0.3,1.65,1E-6
mdv201_hn_2_115_abc58446-1c,true,1,2,60,0.02,0.35,0.3,1.4,1E-6
mdv201_hn_1_153_c1012415-1c,true,1,2,60,0.02,0.35,0.3,1.5,1E-6
mdv201_8075elb-1a,true,1,2,60,0.02,0.35,0.3,1.5,1E-6
mdv201_hn_2_950_c8190-1c,true,1,2,60,0.02,0.35,0.3,1.5,1E-6
mdv201_hn_2_838_b39578-1b,true,1,2,60,0.02,0.35,0.3,1.5,1E-6
mdv201_hn_2_670_c89784-1c,true,1,2,60,0.02,0.35,0.3,1.5,1E-6
mdv201_hn_2_424_a784-1a,true,1,2,60,0.02,0.35,0.3,1.5,1E-6
mdv201_hn_2_394_abc63658-1b,true,1,2,60,0.02,0.35,0.3,1.7,1E-6
mdv201_hn_2_064_c14871-1c,true,1,2,60,0.02,0.35,0.3,1.4,1E-6
mdv201_hn_2_100_a39592-1a,true,1,2,60,0.02,0.35,0.3,1.65,1E-6
mdv201_hn_1_167_a39572-1a,true,1,2,60,0.02,0.35,0.3,1.5,1E-6
mdv201_hn_2_832_b69491-1b,true,1,2,60,0.02,0.35,0.3,1.5,1E-6
mdv201_hn_21006_c1008222-1c,true,1,2,60,0.02,0.35,0.3,1.4,1E-6
mdv201_hn_2_466_c62235-1c,true,1,2,60,0.02,0.35,0.3,1.4,1E-6
mdv201_c_1_407_a8136-1a,true,1,2,60,0.02,0.35,0.3,1.3,1E-6
mdv201_hn_2_607_a21652-1a,true,1,2,60,0.02,0.35,0.3,1.4,1E-6
mdv201_hn_2_937_b14993-1b,true,1,2,60,0.02,0.35,0.3,1.5,1E-6
mdv201_hn_2_822_b39619-1b,true,1,2,60,0.02,0.35,0.3,1.5,1E-6
mdv201_hn_2_518_ac8086-1c,true,1,2,60,0.02,0.35,0.3,1.5,1E-6
mdv201_hn_2_232_c14835-1c,true,1,2,60,0.02,0.35,0.3,1.5,1E-6
mdv201_hn_2_487_c8099-1c,true,1,2,60,0.02,0.35,0.3,1.5,1E-6
mdv201_1145434elb-1c,true,1,2,60,0.02,0.35,0.3,1.2,1E-6
mdv201_da_8_688_b74451-1b,true,1,2,60,0.02,0.35,0.3,1.3,1E-6
mdv201_hn_2_930_b62301-1b,true,1,2,60,0.02,0.35,0.3,1.5,1E-6
mdv201_hn_2_816_abc14879-1a,true,1,2,60,0.02,0.35,0.3,1.5,1E-6
mdv201_hn_2_651_a28243-1a,true,1,2,60,0.02,0.35,0.3,1.5,1E-6
mdv201_hn_2_532_a8118-1a,true,1,2,60,0.02,0.35,0.3,1.5,1E-6
mdv201_1144238usd-1a,true,1,2,60,0.02,0.35,0.3,1.65,1E-6
mdv201_hn_2_082_abc62250-1b,true,1,2,60,0.02,0.35,0.3,1.5,1E-6
mdv201_da_8_690_b46385-1b,true,1,2,60,0.02,0.35,0.3,1.5,1E-6
mdv201_da_8_769_c46401-1c,true,1,2,60,0.02,0.35,0.3,1.4,1E-6
mdv201_hn_2_645_a28234-1a,true,1,2,60,0.02,0.35,0.3,1.5,1E-6
mdv201_hn_2_013_c28260-1c,true,1,2,60,0.02,0.35,0.3,1.5,1E-6
mdv201_hn_2_519_ac8090-1c,true,1,2,60,0.02,0.35,0.3,1.5,1E-6
mdv201_8077elb-1a,true,1,2,60,0.02,0.35,0.3,1.5,1E-6
mdv201_hn_2_156_b39758-1b,true,1,2,60,0.02,0.35,0.3,1.5,1E-6
mdv201_1012644elb-1c,true,1,2,60,0.02,0.35,0.3,1.5,1E-6
mdv201_c_1_132_abc69478-1b,true,1,2,60,0.02,0.35,0.3,1.4,1E-6
mdv201_da_8_928_a39733-1a,true,1,2,60,0.02,0.35,0.3,1.4,1E-6
mdv201_hn_2_911_c44579-1c,true,1,2,60,0.02,0.35,0.3,1.5,1E-6
mdv201_hn_2_804_b39625-1b,true,1,2,60,0.02,0.35,0.3,1.3,1E-6
mdv201_hn_2_534_a8119-1a,true,1,2,60,0.02,0.35,0.3,1.5,1E-6
mdv201_hn_2_488_c8103-1c,true,1,2,60,0.02,0.35,0.3,1.65,1E-6
mdv201_c_1_321_a69464-1a,true,1,2,60,0.02,0.35,0.3,1.5,1E-6
mdv201_hn_2_089_abc8163-1c,true,1,2,60,0.02,0.35,0.3,1.4,1E-6
mdv201_hn_2_896_b52516-1b,true,1,2,60,0.02,0.35,0.3,1.5,1E-6
mdv201_hn_2_633_c28239-1c,true,1,2,60,0.02,0.35,0.3,1.5,1E-6
mdv201_hn_2_526_c860-1c,true,1,2,60,0.02,0.35,0.3,1.5,1E-6
mdv201_hn_2_457_c62244-1c,true,1,2,60,0.02,0.35,0.3,1.5,1E-6
mdv201_hn_2_121_c28294-1c,true,1,2,60,0.02,0.35,0.3,1.5,1E-6
mdv201_hn_2_076_a14843-1a,true,1,2,60,0.02,0.35,0.3,1.7,1E-6
mdv201_da_8_926_a74421-1a,true,1,2,60,0.02,0.35,0.3,1.4,1E-6
mdv201_hn_2_027_a39614-1a,true,1,2,60,0.02,0.35,0.3,1.65,1E-6
mdv201_da_8_930_a39751-1a,true,1,2,60,0.02,0.35,0.3,1.4,1E-6
mdv201_8082elb-1a,true,1,2,60,0.02,0.35,0.3,1.4,1E-6
mdv201_hn_2_879_b825-1b,true,1,2,60,0.02,0.35,0.3,1.5,1E-6
mdv201_hn_2_627_c14868-1c,true,1,2,60,0.02,0.35,0.3,1.65,1E-6
mdv201_hn_2_522_c855-1c,true,1,2,60,0.02,0.35,0.3,1.4,1E-6
mdv201_hn_2_465_c62233-1c,true,1,2,60,0.02,0.35,0.3,1.4,1E-6
mdv201_1144257fuse-1c,true,1,2,60,0.02,0.35,0.3,1.65,1E-6
mdv201_hn_1_275_a94744-1a,true,1,2,60,0.02,0.35,0.3,1.65,1E-6
mdv201_da_8_740_abc6594-1b,true,1,2,60,0.02,0.35,0.3,1.4,1E-6
mdv201_hn_2_728_b15009-1b,true,1,2,60,0.02,0.35,0.3,1.7,1E-6
mdv201_hn_2_621_c28222-1c,true,1,2,60,0.02,0.35,0.3,1.4,1E-6
mdv201_hn_2_291_abc63681-1a,true,1,2,60,0.02,0.35,0.3,1.4,1E-6
mdv201_hn_2_164_b6574-1b,true,1,2,60,0.02,0.35,0.3,1.65,1E-6
mdv201_8101elb-1a,true,1,2,60,0.02,0.35,0.3,1.4,1E-6
mdv201_hn_2_429_b807-1b,true,1,2,60,0.02,0.35,0.3,1.4,1E-6
mdv201_da_8_931_a74443-1a,true,1,2,60,0.02,0.35,0.3,1.4,1E-6
mdv201_hn_2_128_abc28288-1b,true,1,2,60,0.02,0.35,0.3,1.4,1E-6
mdv201_hn_2_867_c839-1c,true,1,2,60,0.02,0.35,0.3,1.5,1E-6
mdv201_hn_2_719_c14872-1c,true,1,2,60,0.02,0.35,0.3,1.5,1E-6
mdv201_hn_2_031_abc62264-1b,true,1,2,60,0.02,0.35,0.3,1.5,1E-6
mdv201_hn_21050_b62307-1b,true,1,2,60,0.02,0.35,0.3,1.5,1E-6
mdv201_c_1_400_a21653-1a,true,1,2,60,0.02,0.35,0.3,1.5,1E-6
mdv201_hn_2_458_b39599-1b,true,1,2,60,0.02,0.35,0.3,1.4,1E-6
mdv201_8147elb-1a,true,1,2,60,0.02,0.35,0.3,1.5,1E-6
mdv201_hn_2_858_b94733-1b,true,1,2,60,0.02,0.35,0.3,1.4,1E-6
mdv201_hn_2_711_a63676-1a,true,1,2,60,0.02,0.35,0.3,1.5,1E-6
mdv201_hn_2_606_a8132-1a,true,1,2,60,0.02,0.35,0.3,1.5,1E-6
mdv201_hn_21016_c63717-1c,true,1,2,60,0.02,0.35,0.3,1.5,1E-6
mdv201_hn_2_426_b816-1b,true,1,2,60,0.02,0.35,0.3,1.5,1E-6
mdv201_c_1_067_abc8072-1b,true,1,2,60,0.02,0.35,0.3,1.5,1E-6
mdv201_hn_2_967_a63715-1a,true,1,2,60,0.02,0.35,0.3,1.5,1E-6
mdv201_hn_2_851_b52519-1b,true,1,2,60,0.02,0.35,0.3,1.4,1E-6
mdv201_hn_2_705_abc52524-1a,true,1,2,60,0.02,0.35,0.3,1.5,1E-6
mdv201_hn_2_015_abc63665-1a,true,1,2,60,0.02,0.35,0.3,1.5,1E-6
mdv201_hn_2_430_b797-1b,true,1,2,60,0.02,0.35,0.3,1.5,1E-6
mdv201_hn_1_150_c1012408-1c,true,1,2,60,0.02,0.35,0.3,1.5,1E-6
mdv201_da_8_804_abc88656-1c,true,1,2,60,0.02,0.35,0.3,1.65,1E-6
mdv201_hn_2_845_b69624-1b,true,1,2,60,0.02,0.35,0.3,1.5,1E-6
mdv201_hn_2_677_c62303-1c,true,1,2,60,0.02,0.35,0.3,1.5,1E-6
mdv201_hn_2_427_b826-1b,true,1,2,60,0.02,0.35,0.3,1.5,1E-6
mdv201_hn_2_327_b62296-1b,true,1,2,60,0.02,0.35,0.3,1.65,1E-6
mdv201_8144elb-1a,true,1,2,60,0.02,0.35,0.3,1.4,1E-6
mdv201_hn_2_112_abc69628-1a,true,1,2,60,0.02,0.35,0.3,1.5,1E-6
mdv201_da_8_691_b46386-1b,true,1,2,60,0.02,0.35,0.3,1.4,1E-6
mdv201_hn_2_404_b799-1b,true,1,2,60,0.02,0.35,0.3,1.5,1E-6
mdv201_da_8_735_c74437-1c,true,1,2,60,0.02,0.35,0.3,1.4,1E-6
mdv201_hn_2_839_b39579-1b,true,1,2,60,0.02,0.35,0.3,1.5,1E-6
mdv201_hn_2_671_c89781-1c,true,1,2,60,0.02,0.35,0.3,1.5,1E-6
mdv201_hn_1_265_a89824-1a,true,1,2,60,0.02,0.35,0.3,1.5,1E-6
mdv201_hn_2_360_abc8165-1c,true,1,2,60,0.02,0.35,0.3,1.4,1E-6
mdv201_hn_2_009_c28270-1c,true,1,2,60,0.02,0.35,0.3,1.5,1E-6
mdv201_da_8_137_b8198-1b,true,1,2,60,0.02,0.35,0.3,1.4,1E-6
mdv201_hn_2_343_abc829-1b,true,1,2,60,0.02,0.35,0.3,1.4,1E-6
mdv201_39754elb-1b,true,1,2,60,0.02,0.35,0.3,1.5,1E-6
mdv201_hn_2_944_c44577-1c,true,1,2,60,0.02,0.35,0.3,1.5,1E-6
mdv201_hn_2_833_b39620-1b,true,1,2,60,0.02,0.35,0.3,1.5,1E-6
mdv201_hn_2_665_c62311-1c,true,1,2,60,0.02,0.35,0.3,1.5,1E-6
mdv201_hn_2_435_abc63643-1b,true,1,2,60,0.02,0.35,0.3,1.5,1E-6
mdv201_hn_2_605_a21655-1a,true,1,2,60,0.02,0.35,0.3,1.5,1E-6
mdv201_da_8_152_abc74420-1b,true,1,2,60,0.02,0.35,0.3,1.65,1E-6
mdv201_hn_2_392_b63661-1b,true,1,2,60,0.02,0.35,0.3,1.4,1E-6
mdv201_da_8_744_c46398-1c,true,1,2,60,0.02,0.35,0.3,1.5,1E-6
mdv201_hn_2_938_b14992-1b,true,1,2,60,0.02,0.35,0.3,1.5,1E-6
mdv201_hn_2_658_c62236-1c,true,1,2,60,0.02,0.35,0.3,1.5,1E-6
mdv201_hn_2_220_b44580-1b,true,1,2,60,0.02,0.35,0.3,1.65,1E-6
mdv201_hn_21023_a8193-1a,true,1,2,60,0.02,0.35,0.3,1.65,1E-6
mdv201_hn_2_817_abc14880-1a,true,1,2,60,0.02,0.35,0.3,1.5,1E-6
mdv201_hn_2_477_c8121-1c,true,1,2,60,0.02,0.35,0.3,1.4,1E-6
mdv201_8159elb-1a,true,1,2,60,0.02,0.35,0.3,1.5,1E-6
mdv201_hn_2_328_c14830-1c,true,1,2,60,0.02,0.35,0.3,1.5,1E-6
mdv201_da_8_259_a1023345-1a,true,1,2,60,0.02,0.35,0.3,1.5,1E-6
mdv201_hn_2_924_c28267-1c,true,1,2,60,0.02,0.35,0.3,1.65,1E-6
mdv201_hn_2_646_a28230-1a,true,1,2,60,0.02,0.35,0.3,1.5,1E-6
mdv201_hn_2_402_b793-1b,true,1,2,60,0.02,0.35,0.3,1.5,1E-6
mdv201_hn_2_097_a39598-1a,true,1,2,60,0.02,0.35,0.3,1.4,1E-6
mdv201_hn_2_153_b14829-1b,true,1,2,60,0.02,0.35,0.3,1.4,1E-6
mdv201_hn_2_288_c63719-1c,true,1,2,60,0.02,0.35,0.3,1.4,1E-6
mdv201_da_8_696_b46388-1b,true,1,2,60,0.02,0.35,0.3,1.4,1E-6
mdv201_hn_2_423_a785-1a,true,1,2,60,0.02,0.35,0.3,1.5,1E-6
mdv201_hn_2_805_b39624-1b,true,1,2,60,0.02,0.35,0.3,1.3,1E-6
mdv201_hn_2_640_ac28251-1a,true,1,2,60,0.02,0.35,0.3,1.4,1E-6
mdv201_hn_2_110_abc94729-1c,true,1,2,60,0.02,0.35,0.3,1.65,1E-6
mdv201_hn_2_127_c63708-1c,true,1,2,60,0.02,0.35,0.3,1.5,1E-6
mdv201_hn_2_531_c857-1c,true,1,2,60,0.02,0.35,0.3,1.5,1E-6
mdv201_c_1_068_abc69490-1b,true,1,2,60,0.02,0.35,0.3,1.5,1E-6
mdv201_hn_2_400_b63637-1b,true,1,2,60,0.02,0.35,0.3,1.5,1E-6
mdv201_hn_2_897_b94726-1b,true,1,2,60,0.02,0.35,0.3,1.5,1E-6
mdv201_hn_2_533_a8117-1a,true,1,2,60,0.02,0.35,0.3,1.5,1E-6
mdv201_hn_2_062_c28277-1c,true,1,2,60,0.02,0.35,0.3,1.5,1E-6
mdv201_hn_2_603_a8152-1a,true,1,2,60,0.02,0.35,0.3,1.4,1E-6
mdv201_da_8_689_b46389-1b,true,1,2,60,0.02,0.35,0.3,1.4,1E-6
mdv201_hn_2_136_abc1010734-1b,true,1,2,60,0.02,0.35,0.3,1.5,1E-6
mdv201_da_8_929_a39734-1a,true,1,2,60,0.02,0.35,0.3,1.4,1E-6
mdv201_hn_2_608_a8133-1a,true,1,2,60,0.02,0.35,0.3,1.5,1E-6
mdv201_da_8_204_c46404-1c,true,1,2,60,0.02,0.35,0.3,1.5,1E-6
mdv201_c_1_401_a21651-1a,true,1,2,60,0.02,0.35,0.3,1.5,1E-6
mdv201_hn_2_880_b8096-1b,true,1,2,60,0.02,0.35,0.3,1.4,1E-6
mdv201_hn_2_772_c14846-1c,true,1,2,60,0.02,0.35,0.3,1.4,1E-6
mdv201_hn_2_628_c52531-1c,true,1,2,60,0.02,0.35,0.3,1.5,1E-6
mdv201_hn_2_492_c8123-1c,true,1,2,60,0.02,0.35,0.3,1.5,1E-6
mdv201_hn_2_610_a8130-1a,true,1,2,60,0.02,0.35,0.3,1.4,1E-6
mdv201_hn_2_359_abc93587-1c,true,1,2,60,0.02,0.35,0.3,1.5,1E-6
mdv201_da_8_734_c74440-1c,true,1,2,60,0.02,0.35,0.3,1.5,1E-6
mdv201_hn_1_210_a28279-1a,true,1,2,60,0.02,0.35,0.3,1.5,1E-6
mdv201_c_1_387_a8097-1a,true,1,2,60,0.02,0.35,0.3,1.5,1E-6
mdv201_c_1_353_b1008228-1b,true,1,2,60,0.02,0.35,0.3,1.5,1E-6
mdv201_hn_2_874_c63669-1c,true,1,2,60,0.02,0.35,0.3,1.5,1E-6
mdv201_hn_2_729_b28246-1b,true,1,2,60,0.02,0.35,0.3,1.65,1E-6
mdv201_hn_2_622_c28223-1c,true,1,2,60,0.02,0.35,0.3,1.4,1E-6
mdv201_hn_2_521_c8087-1c,true,1,2,60,0.02,0.35,0.3,1.4,1E-6
mdv201_hn_2_397_b63634-1b,true,1,2,60,0.02,0.35,0.3,1.3,1E-6
mdv201_15008elb-1b,true,1,2,60,0.02,0.35,0.3,1.4,1E-6
mdv201_hn_1_278_c89797-1c,true,1,2,60,0.02,0.35,0.3,1.65,1E-6
mdv201_da_8_927_a74424-1a,true,1,2,60,0.02,0.35,0.3,1.4,1E-6
mdv201_da_8_675_a56750-1a,true,1,2,60,0.02,0.35,0.3,1.5,1E-6
mdv201_c_1_140_abc69477-1b,true,1,2,60,0.02,0.35,0.3,1.7,1E-6
mdv201_hn_2_868_c833-1c,true,1,2,60,0.02,0.35,0.3,1.5,1E-6
mdv201_hn_2_720_c14849-1c,true,1,2,60,0.02,0.35,0.3,1.4,1E-6
mdv201_hn_21032_b62295-1b,true,1,2,60,0.02,0.35,0.3,1.5,1E-6
mdv201_8076elb-1a,true,1,2,60,0.02,0.35,0.3,1.5,1E-6
mdv201_hn_2_155_b39757-1b,true,1,2,60,0.02,0.35,0.3,1.4,1E-6
mdv201_da_8_922_a56784-1a,true,1,2,60,0.02,0.35,0.3,1.5,1E-6
mdv201_hn_2_859_b94734-1b,true,1,2,60,0.02,0.35,0.3,1.5,1E-6
mdv201_hn_2_712_a63678-1a,true,1,2,60,0.02,0.35,0.3,1.4,1E-6
mdv201_hn_2_250_abc801-1a,true,1,2,60,0.02,0.35,0.3,1.5,1E-6
mdv201_da_8_398_c1017351-1c,true,1,2,60,0.02,0.35,0.3,1.65,1E-6
mdv201_hn_2_520_a8092-1a,true,1,2,60,0.02,0.35,0.3,1.5,1E-6
mdv201_da_8_729_c74452-1c,true,1,2,60,0.02,0.35,0.3,1.4,1E-6
mdv201_hn_2_132_a1010739-1a,true,1,2,60,0.02,0.35,0.3,1.4,1E-6
mdv201_da_8_730_c74449-1c,true,1,2,60,0.02,0.35,0.3,1.5,1E-6
mdv201_8089elb-1a,true,1,2,60,0.02,0.35,0.3,1.4,1E-6
mdv201_hn_2_968_a63713-1a,true,1,2,60,0.02,0.35,0.3,1.4,1E-6
mdv201_hn_2_852_b39588-1b,true,1,2,60,0.02,0.35,0.3,1.5,1E-6
mdv201_hn_2_706_c52532-1c,true,1,2,60,0.02,0.35,0.3,1.5,1E-6
mdv201_hn_2_286_abc8178-1a,true,1,2,60,0.02,0.35,0.3,1.4,1E-6
mdv201_hn_2_478_c8115-1c,true,1,2,60,0.02,0.35,0.3,1.5,1E-6
mdv201_hn_2_114_abc58441-1b,true,1,2,60,0.02,0.35,0.3,1.65,1E-6
mdv201_da_8_461_b58421-1b,true,1,2,60,0.02,0.35,0.3,1.5,1E-6
mdv201_hn_2_479_c8116-1c,true,1,2,60,0.02,0.35,0.3,1.4,1E-6
mdv201_da_8_795_b88661-1b,true,1,2,60,0.02,0.35,0.3,1.4,1E-6
mdv201_hn_2_961_b39761-1b,true,1,2,60,0.02,0.35,0.3,1.5,1E-6
mdv201_hn_2_846_b69620-1b,true,1,2,60,0.02,0.35,0.3,1.5,1E-6
mdv201_hn_2_678_c62304-1c,true,1,2,60,0.02,0.35,0.3,1.4,1E-6
mdv201_hn_2_123_c28299-1c,true,1,2,60,0.02,0.35,0.3,1.5,1E-6
mdv201_hn_2_425_b813-1b,true,1,2,60,0.02,0.35,0.3,1.4,1E-6
mdv201_da_8_276_b8195-1b,true,1,2,60,0.02,0.35,0.3,1.65,1E-6
mdv201_da_8_226_b8207-1b,true,1,2,60,0.02,0.35,0.3,1.65,1E-6
mdv201_hn_2_952_c8189-1c,true,1,2,60,0.02,0.35,0.3,1.5,1E-6
mdv201_hn_2_840_b52518-1b,true,1,2,60,0.02,0.35,0.3,1.5,1E-6
mdv201_hn_2_672_c62308-1c,true,1,2,60,0.02,0.35,0.3,1.5,1E-6
mdv201_hn_2_126_c63704-1c,true,1,2,60,0.02,0.35,0.3,1.4,1E-6
mdv201_da_8_719_abc67893-1c,true,1,2,60,0.02,0.35,0.3,1.5,1E-6
mdv201_hn_2_946_c8179-1c,true,1,2,60,0.02,0.35,0.3,1.5,1E-6
mdv201_hn_2_834_b39617-1b,true,1,2,60,0.02,0.35,0.3,1.5,1E-6
mdv201_hn_2_666_c62312-1c,true,1,2,60,0.02,0.35,0.3,1.3,1E-6
mdv201_hn_2_524_c858-1c,true,1,2,60,0.02,0.35,0.3,1.5,1E-6
mdv201_hn_2_158_b14994-1b,true,1,2,60,0.02,0.35,0.3,1.5,1E-6
mdv201_hn_2_390_b63640-1b,true,1,2,60,0.02,0.35,0.3,1.4,1E-6
mdv201_da_8_281_b1023341-1b,true,1,2,60,0.02,0.35,0.3,1.4,1E-6
mdv201_hn_2_094_abc51012-1b,true,1,2,60,0.02,0.35,0.3,1.5,1E-6
mdv201_hn_2_939_b14991-1b,true,1,2,60,0.02,0.35,0.3,1.4,1E-6
mdv201_hn_2_827_a14873-1a,true,1,2,60,0.02,0.35,0.3,1.5,1E-6
mdv201_hn_2_066_abc14832-1a,true,1,2,60,0.02,0.35,0.3,1.5,1E-6
mdv201_hn_2_183_abc62261-1a,true,1,2,60,0.02,0.35,0.3,1.5,1E-6
mdv201_hn_2_933_b6571-1b,true,1,2,60,0.02,0.35,0.3,1.5,1E-6
mdv201_hn_2_653_a14878-1a,true,1,2,60,0.02,0.35,0.3,1.4,1E-6
mdv201_hn_2_085_abc38388-1b,true,1,2,60,0.02,0.35,0.3,1.5,1E-6
mdv201_hn_2_247_abc44582-1b,true,1,2,60,0.02,0.35,0.3,1.4,1E-6
mdv201_da_8_695_b46387-1b,true,1,2,60,0.02,0.35,0.3,1.3,1E-6
mdv201_da_8_218_b8204-1b,true,1,2,60,0.02,0.35,0.3,1.5,1E-6
mdv201_hn_2_925_a28283-1a,true,1,2,60,0.02,0.35,0.3,1.5,1E-6
mdv201_hn_2_647_a28231-1a,true,1,2,60,0.02,0.35,0.3,1.5,1E-6
mdv201_hn_2_306_abc28286-1c,true,1,2,60,0.02,0.35,0.3,1.5,1E-6
mdv201_hn_2_001_b14990-1b,true,1,2,60,0.02,0.35,0.3,1.5,1E-6
mdv201_8146elb-1a,true,1,2,60,0.02,0.35,0.3,1.4,1E-6
mdv201_hn_21011_b1144229-1b,true,1,2,60,0.02,0.35,0.3,1.5,1E-6
mdv201_hn_2_120_a28281-1a,true,1,2,60,0.02,0.35,0.3,1.3,1E-6
mdv201_da_8_918_a56770-1a,true,1,2,60,0.02,0.35,0.3,1.4,1E-6
mdv201_8102elb-1a,true,1,2,60,0.02,0.35,0.3,1.4,1E-6
mdv201_8145elb-1a,true,1,2,60,0.02,0.35,0.3,1.4,1E-6
mdv201_hn_2_913_a15010-1a,true,1,2,60,0.02,0.35,0.3,1.5,1E-6
mdv201_hn_2_806_b39622-1b,true,1,2,60,0.02,0.35,0.3,1.4,1E-6
mdv201_hn_2_641_ac14893-1a,true,1,2,60,0.02,0.35,0.3,1.5,1E-6
mdv201_hn_2_419_a827-1a,true,1,2,60,0.02,0.35,0.3,1.5,1E-6
mdv201_hn_21026_b69647-1b,true,1,2,60,0.02,0.35,0.3,1.65,1E-6
mdv201_hn_2_410_a819-1a,true,1,2,60,0.02,0.35,0.3,1.5,1E-6
mdv201_da_8_869_c58437-1c,true,1,2,60,0.02,0.35,0.3,1.5,1E-6
mdv201_da_8_507_abc6580-1a,true,1,2,60,0.02,0.35,0.3,1.5,1E-6
mdv201_c_1_159_a69461-1a,true,1,2,60,0.02,0.35,0.3,1.5,1E-6
mdv201_hn_2_903_c28273-1c,true,1,2,60,0.02,0.35,0.3,1.4,1E-6
mdv201_hn_2_800_b850-1b,true,1,2,60,0.02,0.35,0.3,1.4,1E-6
mdv201_hn_2_635_ac63666-1a,true,1,2,60,0.02,0.35,0.3,1.5,1E-6
mdv201_hn_1_451_b52514-1b,true,1,2,60,0.02,0.35,0.3,1.4,1E-6
mdv201_da_8_919_a56782-1a,true,1,2,60,0.02,0.35,0.3,1.5,1E-6
mdv201_hn_2_463_c62234-1c,true,1,2,60,0.02,0.35,0.3,1.4,1E-6
mdv201_da_8_053_a63763-1a,true,1,2,60,0.02,0.35,0.3,1.65,1E-6
mdv201_hn_2_281_a8186-1a,true,1,2,60,0.02,0.35,0.3,1.65,1E-6
mdv201_hn_2_890_b52521-1b,true,1,2,60,0.02,0.35,0.3,1.4,1E-6
mdv201_hn_2_629_c28229-1c,true,1,2,60,0.02,0.35,0.3,1.4,1E-6
mdv201_hn_2_078_c28275-1c,true,1,2,60,0.02,0.35,0.3,1.4,1E-6
mdv201_hn_2_351_abc69616-1a,true,1,2,60,0.02,0.35,0.3,1.5,1E-6
mdv201_hn_2_026_a39597-1a,true,1,2,60,0.02,0.35,0.3,1.5,1E-6
mdv201_da_8_678_a56764-1a,true,1,2,60,0.02,0.35,0.3,1.4,1E-6
mdv201_da_8_923_a56785-1a,true,1,2,60,0.02,0.35,0.3,1.5,1E-6
mdv201_hn_21038_ab28191-1a,true,1,2,60,0.02,0.35,0.3,1.7,1E-6
mdv201_hn_21038_ab28191-1b,true,1,2,60,0.02,0.35,0.3,1.65,1E-6
mdv201_da_8_149_abc56778-1a,true,1,2,60,0.02,0.35,0.3,1.65,1E-6
mdv201_hn_2_875_c63670-1c,true,1,2,60,0.02,0.35,0.3,1.5,1E-6
mdv201_hn_2_623_c14865-1c,true,1,2,60,0.02,0.35,0.3,1.5,1E-6
mdv201_hn_2_216_c44581-1c,true,1,2,60,0.02,0.35,0.3,1.5,1E-6
mdv201_hn_2_434_abc63645-1b,true,1,2,60,0.02,0.35,0.3,1.5,1E-6
mdv201_hn_2_166_c33824-1c,true,1,2,60,0.02,0.35,0.3,1.5,1E-6
mdv201_hn_2_101_abc69487-1a,true,1,2,60,0.02,0.35,0.3,1.4,1E-6
mdv201_c_1_391_a8120-1a,true,1,2,60,0.02,0.35,0.3,1.3,1E-6
mdv201_hn_2_869_c830-1c,true,1,2,60,0.02,0.35,0.3,1.5,1E-6
mdv201_hn_2_721_c14850-1c,true,1,2,60,0.02,0.35,0.3,1.4,1E-6
mdv201_hn_2_140_abc8124-1c,true,1,2,60,0.02,0.35,0.3,1.65,1E-6
mdv201_hn_2_540_c8108-1c,true,1,2,60,0.02,0.35,0.3,1.4,1E-6
mdv201_hn_2_421_a808-1a,true,1,2,60,0.02,0.35,0.3,1.5,1E-6
mdv201_hn_2_088_abc8164-1c,true,1,2,60,0.02,0.35,0.3,1.4,1E-6
mdv201_hn_2_860_b39603-1b,true,1,2,60,0.02,0.35,0.3,1.5,1E-6
mdv201_hn_2_713_a63679-1a,true,1,2,60,0.02,0.35,0.3,1.5,1E-6
mdv201_hn_2_428_b812-1b,true,1,2,60,0.02,0.35,0.3,1.4,1E-6
mdv201_da_8_692_b88660-1b,true,1,2,60,0.02,0.35,0.3,1.3,1E-6
mdv201_hn_2_167_c14979-1c,true,1,2,60,0.02,0.35,0.3,1.5,1E-6
mdv201_da_8_674_a6597-1a,true,1,2,60,0.02,0.35,0.3,1.5,1E-6
mdv201_hn_2_969_a63709-1a,true,1,2,60,0.02,0.35,0.3,1.5,1E-6
mdv201_hn_2_853_b39587-1b,true,1,2,60,0.02,0.35,0.3,1.5,1E-6
mdv201_hn_2_707_c52530-1c,true,1,2,60,0.02,0.35,0.3,1.5,1E-6
mdv201_hn_2_151_c14833-1c,true,1,2,60,0.02,0.35,0.3,1.5,1E-6
mdv201_hn_2_409_a820-1a,true,1,2,60,0.02,0.35,0.3,1.5,1E-6
mdv201_da_8_732_c74453-1c,true,1,2,60,0.02,0.35,0.3,1.4,1E-6
mdv201_hn_2_847_b14853-1b,true,1,2,60,0.02,0.35,0.3,1.5,1E-6
mdv201_hn_2_681_a28225-1a,true,1,2,60,0.02,0.35,0.3,1.4,1E-6
mdv201_hn_2_108_a39577-1a,true,1,2,60,0.02,0.35,0.3,1.5,1E-6
mdv201_hn_2_539_c8098-1c,true,1,2,60,0.02,0.35,0.3,1.4,1E-6
mdv201_hn_2_418_a835-1a,true,1,2,60,0.02,0.35,0.3,1.5,1E-6
mdv201_da_8_810_c58435-1c,true,1,2,60,0.02,0.35,0.3,1.5,1E-6
mdv201_hn_2_072_a8187-1a,true,1,2,60,0.02,0.35,0.3,1.65,1E-6
mdv201_c_1_410_a8131-1a,true,1,2,60,0.02,0.35,0.3,1.5,1E-6
mdv201_hn_2_953_b14996-1b,true,1,2,60,0.02,0.35,0.3,1.5,1E-6
mdv201_hn_2_841_b94728-1b,true,1,2,60,0.02,0.35,0.3,1.4,1E-6
mdv201_hn_2_673_c62309-1c,true,1,2,60,0.02,0.35,0.3,1.5,1E-6
mdv201_hn_2_218_b8161-1b,true,1,2,60,0.02,0.35,0.3,1.5,1E-6
mdv201_hn_1_332_c28263-1c,true,1,2,60,0.02,0.35,0.3,1.65,1E-6
mdv201_da_8_159_abc58426-1c,true,1,2,60,0.02,0.35,0.3,1.5,1E-6
mdv201_hn_2_226_abc822-1b,true,1,2,60,0.02,0.35,0.3,1.5,1E-6
mdv201_da_8_215_b1017348-1b,true,1,2,60,0.02,0.35,0.3,1.5,1E-6
mdv201_hn_2_947_c8175-1c,true,1,2,60,0.02,0.35,0.3,1.5,1E-6
mdv201_hn_2_835_b39615-1b,true,1,2,60,0.02,0.35,0.3,1.5,1E-6
mdv201_hn_2_667_c89812-1c,true,1,2,60,0.02,0.35,0.3,1.5,1E-6
mdv201_hn_1_307_a89825-1a,true,1,2,60,0.02,0.35,0.3,1.5,1E-6
mdv201_hn_2_246_b39602-1b,true,1,2,60,0.02,0.35,0.3,1.5,1E-6
mdv201_hn_2_084_b38389-1b,true,1,2,60,0.02,0.35,0.3,1.5,1E-6
mdv201_da_8_679_a56772-1a,true,1,2,60,0.02,0.35,0.3,1.5,1E-6
mdv201_hn_1_333_c1012409-1c,true,1,2,60,0.02,0.35,0.3,1.4,1E-6
mdv201_c_1_390_a8122-1a,true,1,2,60,0.02,0.35,0.3,1.5,1E-6
mdv201_hn_21090_abc1011952-1a,true,1,2,60,0.02,0.35,0.3,1.4,1E-6
mdv201_hn_21090_abc1011952-1b,true,1,2,60,0.02,0.35,0.3,1.4,1E-6
mdv201_hn_21090_abc1011952-1c,true,1,2,60,0.02,0.35,0.3,1.4,1E-6
mdv201_hn_2_940_b39775-1b,true,1,2,60,0.02,0.35,0.3,1.5,1E-6
mdv201_hn_2_660_c62246-1c,true,1,2,60,0.02,0.35,0.3,1.5,1E-6
mdv201_hn_2_525_c859-1c,true,1,2,60,0.02,0.35,0.3,1.5,1E-6
mdv201_hn_1_238_a39569-1a,true,1,2,60,0.02,0.35,0.3,1.5,1E-6
mdv201_hn_1_177_c69626-1c,true,1,2,60,0.02,0.35,0.3,1.5,1E-6
mdv201_da_8_920_a56783-1a,true,1,2,60,0.02,0.35,0.3,1.4,1E-6
mdv201_hn_2_490_c8110-1c,true,1,2,60,0.02,0.35,0.3,1.5,1E-6
mdv201_hn_2_934_b15006-1b,true,1,2,60,0.02,0.35,0.3,1.5,1E-6
mdv201_hn_2_819_abc8177-1a,true,1,2,60,0.02,0.35,0.3,1.5,1E-6
mdv201_hn_2_654_a14881-1a,true,1,2,60,0.02,0.35,0.3,1.5,1E-6
mdv201_hn_2_436_abc63639-1b,true,1,2,60,0.02,0.35,0.3,1.5,1E-6
mdv201_15005elb-1b,true,1,2,60,0.02,0.35,0.3,1.4,1E-6
mdv201_da_8_727_c39744-1c,true,1,2,60,0.02,0.35,0.3,1.5,1E-6
mdv201_da_8_925_a56787-1a,true,1,2,60,0.02,0.35,0.3,1.4,1E-6
mdv201_hn_2_648_a28250-1a,true,1,2,60,0.02,0.35,0.3,1.5,1E-6
mdv201_hn_2_438_c14847-1c,true,1,2,60,0.02,0.35,0.3,1.5,1E-6
mdv201_hn_2_411_a828-1a,true,1,2,60,0.02,0.35,0.3,1.5,1E-6
mdv201_da_8_234_abc56762-1c,true,1,2,60,0.02,0.35,0.3,1.5,1E-6
mdv201_hn_2_091_abc44583-1c,true,1,2,60,0.02,0.35,0.3,1.5,1E-6
mdv201_c_1_388_a8106-1a,true,1,2,60,0.02,0.35,0.3,1.4,1E-6
mdv201_da_8_492_abc74428-1b,true,1,2,60,0.02,0.35,0.3,1.65,1E-6
mdv201_hn_2_915_abc39576-1b,true,1,2,60,0.02,0.35,0.3,1.5,1E-6
mdv201_hn_2_807_b39621-1b,true,1,2,60,0.02,0.35,0.3,1.5,1E-6
mdv201_hn_2_642_a14894-1a,true,1,2,60,0.02,0.35,0.3,1.5,1E-6
mdv201_hn_2_248_abc44584-1c,true,1,2,60,0.02,0.35,0.3,1.4,1E-6
mdv201_hn_2_543_a852-1a,true,1,2,60,0.02,0.35,0.3,1.3,1E-6
mdv201_hn_2_460_c62258-1c,true,1,2,60,0.02,0.35,0.3,1.4,1E-6
mdv201_da_8_693_b88665-1b,true,1,2,60,0.02,0.35,0.3,1.4,1E-6
mdv201_39755elb-1b,true,1,2,60,0.02,0.35,0.3,1.4,1E-6
mdv201_hn_2_801_b840-1b,true,1,2,60,0.02,0.35,0.3,1.4,1E-6
mdv201_hn_2_310_a39613-1a,true,1,2,60,0.02,0.35,0.3,1.65,1E-6
mdv201_hn_2_613_abc63682-1a,true,1,2,60,0.02,0.35,0.3,1.5,1E-6
mdv201_795elb-1a,true,1,2,60,0.02,0.35,0.3,1.2,1E-6
mdv201_c_1_404_a8139-1a,true,1,2,60,0.02,0.35,0.3,1.5,1E-6
mdv201_hn_2_891_b52522-1b,true,1,2,60,0.02,0.35,0.3,1.5,1E-6
mdv201_hn_2_630_c28228-1c,true,1,2,60,0.02,0.35,0.3,1.5,1E-6
mdv201_hn_2_160_b6573-1b,true,1,2,60,0.02,0.35,0.3,1.65,1E-6
mdv201_hn_2_416_a844-1a,true,1,2,60,0.02,0.35,0.3,1.5,1E-6
mdv201_6568elb-1b,true,1,2,60,0.02,0.35,0.3,1.4,1E-6
mdv201_c_1_408_a8137-1a,true,1,2,60,0.02,0.35,0.3,1.5,1E-6
mdv201_hn_2_876_c63671-1c,true,1,2,60,0.02,0.35,0.3,1.5,1E-6
mdv201_hn_2_731_b14852-1b,true,1,2,60,0.02,0.35,0.3,1.5,1E-6
mdv201_hn_2_624_c14866-1c,true,1,2,60,0.02,0.35,0.3,1.5,1E-6
mdv201_hn_2_604_a28213-1a,true,1,2,60,0.02,0.35,0.3,1.5,1E-6
mdv201_hn_2_303_a1144255-1a,true,1,2,60,0.02,0.35,0.3,1.7,1E-6
mdv201_8088elb-1a,true,1,2,60,0.02,0.35,0.3,1.4,1E-6
mdv201_hn_2_186_abc15011-1a,true,1,2,60,0.02,0.35,0.3,1.4,1E-6
mdv201_hn_2_542_a851-1a,true,1,2,60,0.02,0.35,0.3,1.4,1E-6
mdv201_102186fuse-1c,true,1,2,60,0.02,0.35,0.3,1.4,1E-6
mdv201_8107elb-1a,true,1,2,60,0.02,0.35,0.3,1.5,1E-6
mdv201_hn_2_870_c831-1c,true,1,2,60,0.02,0.35,0.3,1.5,1E-6
mdv201_hn_2_722_c52525-1c,true,1,2,60,0.02,0.35,0.3,1.5,1E-6
mdv201_hn_2_618_abc28220-1a,true,1,2,60,0.02,0.35,0.3,1.5,1E-6
mdv201_hn_2_086_abc8167-1b,true,1,2,60,0.02,0.35,0.3,1.4,1E-6
mdv201_hn_2_002_b15002-1b,true,1,2,60,0.02,0.35,0.3,1.65,1E-6
mdv201_da_8_216_b1017349-1b,true,1,2,60,0.02,0.35,0.3,1.65,1E-6
mdv201_hn_2_117_abc28284-1c,true,1,2,60,0.02,0.35,0.3,1.5,1E-6
mdv201_da_8_677_a56760-1a,true,1,2,60,0.02,0.35,0.3,1.5,1E-6
mdv201_hn_2_861_c39629-1c,true,1,2,60,0.02,0.35,0.3,1.4,1E-6
mdv201_hn_2_716_c52523-1c,true,1,2,60,0.02,0.35,0.3,1.65,1E-6
mdv201_hn_2_074_a8182-1a,true,1,2,60,0.02,0.35,0.3,1.65,1E-6
mdv201_hn_2_067_abc14836-1a,true,1,2,60,0.02,0.35,0.3,1.5,1E-6
mdv201_hn_2_067_abc14836-1c,true,1,2,60,0.02,0.35,0.3,1.65,1E-6
mdv201_da_8_673_a6595-1a,true,1,2,60,0.02,0.35,0.3,1.5,1E-6
mdv201_da_8_972_c74454-1c,true,1,2,60,0.02,0.35,0.3,1.65,1E-6
mdv201_hn_2_970_a63710-1a,true,1,2,60,0.02,0.35,0.3,1.4,1E-6
mdv201_hn_2_854_b39586-1b,true,1,2,60,0.02,0.35,0.3,1.5,1E-6
mdv201_hn_2_708_c52527-1c,true,1,2,60,0.02,0.35,0.3,1.5,1E-6
mdv201_hn_2_413_a838-1a,true,1,2,60,0.02,0.35,0.3,1.5,1E-6
mdv201_hn_2_010_c28269-1c,true,1,2,60,0.02,0.35,0.3,1.4,1E-6
mdv201_hn_1_178_c69653-1c,true,1,2,60,0.02,0.35,0.3,1.5,1E-6
mdv201_105409fuse-1c,true,1,2,60,0.02,0.35,0.3,1.5,1E-6
mdv201_hn_2_401_b63632-1b,true,1,2,60,0.02,0.35,0.3,1.5,1E-6
mdv201_8105elb-1a,true,1,2,60,0.02,0.35,0.3,1.5,1E-6
mdv201_da_8_773_a74438-1a,true,1,2,60,0.02,0.35,0.3,1.3,1E-6
mdv201_hn_2_964_a14870-1a,true,1,2,60,0.02,0.35,0.3,1.5,1E-6
mdv201_hn_2_848_b14854-1b,true,1,2,60,0.02,0.35,0.3,1.5,1E-6
mdv201_hn_2_682_a39565-1a,true,1,2,60,0.02,0.35,0.3,1.4,1E-6
mdv201_hn_21054_b1144247-1b,true,1,2,60,0.02,0.35,0.3,1.5,1E-6
mdv201_hn_2_141_abc800-1a,true,1,2,60,0.02,0.35,0.3,1.5,1E-6
mdv201_hn_2_616_abc28226-1c,true,1,2,60,0.02,0.35,0.3,1.5,1E-6
mdv201_hn_2_154_b62298-1b,true,1,2,60,0.02,0.35,0.3,1.4,1E-6
mdv201_da_7_169_c39742-1c,true,1,2,60,0.02,0.35,0.3,1.65,1E-6
mdv201_da_8_781_abc58415-1c,true,1,2,60,0.02,0.35,0.3,1.65,1E-6
mdv201_hn_2_954_b39771-1b,true,1,2,60,0.02,0.35,0.3,1.5,1E-6
mdv201_hn_2_842_b94740-1b,true,1,2,60,0.02,0.35,0.3,1.5,1E-6
mdv201_hn_2_674_c62310-1c,true,1,2,60,0.02,0.35,0.3,1.5,1E-6
mdv201_hn_2_437_c14848-1c,true,1,2,60,0.02,0.35,0.3,1.65,1E-6
mdv201_hn_2_462_c62243-1c,true,1,2,60,0.02,0.35,0.3,1.4,1E-6
mdv201_da_7_205_c39749-1c,true,1,2,60,0.02,0.35,0.3,1.65,1E-6
mdv201_62302elb-1b,true,1,2,60,0.02,0.35,0.3,1.4,1E-6
mdv201_hn_2_836_b39616-1b,true,1,2,60,0.02,0.35,0.3,1.4,1E-6
mdv201_hn_2_388_b802-1b,true,1,2,60,0.02,0.35,0.3,1.5,1E-6
mdv201_hn_2_432_b786-1b,true,1,2,60,0.02,0.35,0.3,1.5,1E-6
mdv201_hn_2_014_c39766-1c,true,1,2,60,0.02,0.35,0.3,1.65,1E-6
mdv201_hn_2_223_b8168-1b,true,1,2,60,0.02,0.35,0.3,1.5,1E-6
mdv201_hn_2_530_c8156-1c,true,1,2,60,0.02,0.35,0.3,1.4,1E-6
mdv201_da_7_490_a58425-1a,true,1,2,60,0.02,0.35,0.3,1.5,1E-6
mdv201_hn_2_941_b39760-1b,true,1,2,60,0.02,0.35,0.3,1.5,1E-6
mdv201_hn_2_830_a14875-1a,true,1,2,60,0.02,0.35,0.3,1.5,1E-6
mdv201_hn_2_661_c62248-1c,true,1,2,60,0.02,0.35,0.3,1.5,1E-6
mdv201_hn_2_399_b63641-1b,true,1,2,60,0.02,0.35,0.3,1.5,1E-6
mdv201_hn_2_420_a814-1a,true,1,2,60,0.02,0.35,0.3,1.5,1E-6
mdv201_15004elb-1b,true,1,2,60,0.02,0.35,0.3,1.5,1E-6
mdv201_hn_2_486_c1103251-1c,true,1,2,60,0.02,0.35,0.3,1.65,1E-6
mdv201_da_8_905_a58413-1a,true,1,2,60,0.02,0.35,0.3,1.65,1E-6
mdv201_hn_2_820_b39623-1b,true,1,2,60,0.02,0.35,0.3,1.5,1E-6
mdv201_hn_2_655_a14863-1a,true,1,2,60,0.02,0.35,0.3,1.5,1E-6
mdv201_hn_1_449_b94735-1b,true,1,2,60,0.02,0.35,0.3,1.5,1E-6
mdv201_hn_2_395_abc63657-1b,true,1,2,60,0.02,0.35,0.3,1.4,1E-6
mdv201_hn_1_165_c89780-1c,true,1,2,60,0.02,0.35,0.3,1.65,1E-6
mdv201_39759elb-1b,true,1,2,60,0.02,0.35,0.3,1.4,1E-6
mdv201_hn_2_406_b806-1b,true,1,2,60,0.02,0.35,0.3,1.4,1E-6
mdv201_hn_2_928_c94732-1c,true,1,2,60,0.02,0.35,0.3,1.5,1E-6
mdv201_hn_2_649_a28248-1a,true,1,2,60,0.02,0.35,0.3,1.3,1E-6
mdv201_hn_2_168_c14978-1c,true,1,2,60,0.02,0.35,0.3,1.5,1E-6
mdv201_hn_2_312_abc44586-1b,true,1,2,60,0.02,0.35,0.3,1.5,1E-6
mdv201_c_1_412_a8128-1a,true,1,2,60,0.02,0.35,0.3,1.5,1E-6
mdv201_hn_1_450_b52513-1b,true,1,2,60,0.02,0.35,0.3,1.5,1E-6
mdv201_c_1_402_a21650-1a,true,1,2,60,0.02,0.35,0.3,1.5,1E-6
mdv201_da_8_728_c39745-1c,true,1,2,60,0.02,0.35,0.3,1.5,1E-6
mdv201_hn_2_643_a28241-1a,true,1,2,60,0.02,0.35,0.3,1.5,1E-6
mdv201_hn_2_096_abc39575-1a,true,1,2,60,0.02,0.35,0.3,1.5,1E-6
mdv201_da_8_459_a6583-1a,true,1,2,60,0.02,0.35,0.3,1.5,1E-6
mdv201_da_8_786_b1144236-1b,true,1,2,60,0.02,0.35,0.3,1.4,1E-6
mdv201_hn_2_431_b789-1b,true,1,2,60,0.02,0.35,0.3,1.4,1E-6
mdv201_hn_2_802_b836-1b,true,1,2,60,0.02,0.35,0.3,1.4,1E-6
mdv201_hn_2_637_c28240-1c,true,1,2,60,0.02,0.35,0.3,1.5,1E-6
mdv201_hn_2_148_c14837-1c,true,1,2,60,0.02,0.35,0.3,1.5,1E-6
mdv201_hn_1_152_c1012414-1c,true,1,2,60,0.02,0.35,0.3,1.5,1E-6
mdv201_hn_2_324_c14844-1c,true,1,2,60,0.02,0.35,0.3,1.5,1E-6
mdv201_da_8_494_a74434-1a,true,1,2,60,0.02,0.35,0.3,1.5,1E-6
mdv201_da_8_146_abc6578-1a,true,1,2,60,0.02,0.35,0.3,1.4,1E-6
mdv201_62249elb-1b,true,1,2,60,0.02,0.35,0.3,1.5,1E-6
mdv201_hn_2_893_a39590-1a,true,1,2,60,0.02,0.35,0.3,1.5,1E-6
mdv201_hn_2_631_c28233-1c,true,1,2,60,0.02,0.35,0.3,1.5,1E-6
mdv201_hn_2_007_bc28292-1b,true,1,2,60,0.02,0.35,0.3,1.4,1E-6
mdv201_hn_2_318_c28272-1c,true,1,2,60,0.02,0.35,0.3,1.5,1E-6
mdv201_1144263fuse-1a,true,1,2,60,0.02,0.35,0.3,1.5,1E-6
mdv201_hn_2_146_abc63663-1a,true,1,2,60,0.02,0.35,0.3,1.5,1E-6
mdv201_da_8_676_a56755-1a,true,1,2,60,0.02,0.35,0.3,1.4,1E-6
mdv201_da_8_731_c74450-1c,true,1,2,60,0.02,0.35,0.3,1.5,1E-6
mdv201_c_1_083_b69488-1b,true,1,2,60,0.02,0.35,0.3,1.4,1E-6
mdv201_hn_2_877_c63672-1c,true,1,2,60,0.02,0.35,0.3,1.5,1E-6
mdv201_hn_2_625_c14882-1c,true,1,2,60,0.02,0.35,0.3,1.5,1E-6
mdv201_hn_2_417_a842-1a,true,1,2,60,0.02,0.35,0.3,1.65,1E-6
mdv201_hn_2_387_b804-1b,true,1,2,60,0.02,0.35,0.3,1.4,1E-6
mdv201_hn_2_512_b1144252-1b,true,1,2,60,0.02,0.35,0.3,1.5,1E-6
mdv201_hn_2_290_c14838-1c,true,1,2,60,0.02,0.35,0.3,1.65,1E-6
mdv201_hn_2_871_c39630-1c,true,1,2,60,0.02,0.35,0.3,1.5,1E-6
mdv201_hn_2_725_a1144264-1a,true,1,2,60,0.02,0.35,0.3,1.5,1E-6
mdv201_hn_2_113_abc8184-1a,true,1,2,60,0.02,0.35,0.3,1.65,1E-6
mdv201_hn_1_274_a94747-1a,true,1,2,60,0.02,0.35,0.3,1.65,1E-6
mdv201_hn_2_068_abc14845-1a,true,1,2,60,0.02,0.35,0.3,1.4,1E-6
mdv201_hn_2_111_abc69617-1a,true,1,2,60,0.02,0.35,0.3,1.5,1E-6
mdv201_da_8_203_c46407-1c,true,1,2,60,0.02,0.35,0.3,1.4,1E-6
mdv201_c_1_069_abc69484-1b,true,1,2,60,0.02,0.35,0.3,1.4,1E-6
mdv201_8109elb-1a,true,1,2,60,0.02,0.35,0.3,1.5,1E-6
mdv201_hn_2_865_c39628-1c,true,1,2,60,0.02,0.35,0.3,1.5,1E-6
mdv201_hn_1_147_c1012412-1c,true,1,2,60,0.02,0.35,0.3,1.3,1E-6
mdv201_hn_2_336_b8196-1b,true,1,2,60,0.02,0.35,0.3,1.5,1E-6
mdv201_hn_2_143_abc63642-1a,true,1,2,60,0.02,0.35,0.3,1.65,1E-6
mdv201_hn_2_011_c28265-1c,true,1,2,60,0.02,0.35,0.3,1.5,1E-6
mdv201_hn_2_092_abc63711-1b,true,1,2,60,0.02,0.35,0.3,1.5,1E-6
mdv201_hn_2_981_b14997-1b,true,1,2,60,0.02,0.35,0.3,1.5,1E-6
mdv201_hn_2_855_b39585-1b,true,1,2,60,0.02,0.35,0.3,1.5,1E-6
mdv201_hn_2_709_c52528-1c,true,1,2,60,0.02,0.35,0.3,1.5,1E-6
mdv201_hn_2_133_abc8083-1a,true,1,2,60,0.02,0.35,0.3,1.4,1E-6
