transformer,winding,terminal,connection,kv,kva,tap,r_pct,r_neut,x_neut,max_tap,min_tap,num_taps
mdv_sub_1,1,mdv_sub_1_hsb,delta,115,10000,1,0.003311877937683961,-1,0,1.1,0.9,32
mdv_sub_1,2,_mdv_sub_1_lsb.1.2.3.0,wye,12.47,10000,1,0.003311877937683961,-1,0,1.1,0.9,32
mdv201_1144260fuse-1b,1,1144260.2,wye,7.19955785679463,25,1,0.0075,-1,0,1.1,0.9,32
mdv201_1144260fuse-1b,2,x_1144260.2,wye,0.24,25,1,0.0075,-1,0,1.1,0.9,32
mdv201_hn_2_461_c62251-1c,1,62251.3,wye,7.19955785679463,37.5,1,0.006999999999999999,-1,0,1.1,0.9,32
mdv201_hn_2_461_c62251-1c,2,x_62251.3,wye,0.24,37.5,1,0.006999999999999999,-1,0,1.1,0.9,32
mdv201_6569elb-1b,1,6569.2,wye,7.19955785679463,37.5,1,0.006999999999999999,-1,0,1.1,0.9,32
mdv201_6569elb-1b,2,x_6569.2,wye,0.24,37.5,1,0.006999999999999999,-1,0,1.1,0.9,32
mdv201_hn_2_464_c62232-1c,1,62232.3,wye,7.19955785679463,25,1,0.0075,-1,0,1.1,0.9,32
mdv201_hn_2_464_c62232-1c,2,x_62232.3,wye,0.24,25,1,0.0075,-1,0,1.1,0.9,32
mdv201_hn_2_849_b94730-1b,1,94730.2,wye,7.19955785679463,25,1,0.0075,-1,0,1.1,0.9,32
mdv201_hn_2_849_b94730-1b,2,x_94730.2,wye,0.24,25,1,0.0075,-1,0,1.1,0.9,32
mdv201_hn_2_683_a39601-1a,1,39601.1,wye,7.19955785679463,25,1,0.0075,-1,0,1.1,0.9,32
mdv201_hn_2_683_a39601-1a,2,x_39601.1,wye,0.24,25,1,0.0075,-1,0,1.1,0.9,32
mdv201_hn_2_093_abc63714-1b,1,63714.2,wye,7.19955785679463,15,1,0.00825,-1,0,1.1,0.9,32
mdv201_hn_2_093_abc63714-1b,2,x_63714.2,wye,0.24,15,1,0.00825,-1,0,1.1,0.9,32
mdv201_hn_2_414_a843-1a,1,843.1,wye,7.19955785679463,25,1,0.0075,-1,0,1.1,0.9,32
mdv201_hn_2_414_a843-1a,2,x_843.1,wye,0.24,25,1,0.0075,-1,0,1.1,0.9,32
mdv201_hn_2_523_c856-1c,1,856.3,wye,7.19955785679463,25,1,0.0075,-1,0,1.1,0.9,32
mdv201_hn_2_523_c856-1c,2,x_856.3,wye,0.24,25,1,0.0075,-1,0,1.1,0.9,32
mdv201_da_8_946_b56776-1b,1,56776.2,wye,7.19955785679463,25,1,0.0075,-1,0,1.1,0.9,32
mdv201_da_8_946_b56776-1b,2,x_56776.2,wye,0.24,25,1,0.0075,-1,0,1.1,0.9,32
mdv201_hn_2_398_b63633-1b,1,63633.2,wye,7.19955785679463,25,1,0.0075,-1,0,1.1,0.9,32
mdv201_hn_2_398_b63633-1b,2,x_63633.2,wye,0.24,25,1,0.0075,-1,0,1.1,0.9,32
mdv201_da_8_924_a56786-1a,1,56786.1,wye,7.19955785679463,25,1,0.0075,-1,0,1.1,0.9,32
mdv201_da_8_924_a56786-1a,2,x_56786.1,wye,0.24,25,1,0.0075,-1,0,1.1,0.9,32
mdv201_hn_2_955_b39752-1b,1,39752.2,wye,7.19955785679463,25,1,0.0075,-1,0,1.1,0.9,32
mdv201_hn_2_955_b39752-1b,2,x_39752.2,wye,0.24,25,1,0.0075,-1,0,1.1,0.9,32
mdv201_hn_2_843_b69621-1b,1,69621.2,wye,7.19955785679463,25,1,0.0075,-1,0,1.1,0.9,32
mdv201_hn_2_843_b69621-1b,2,x_69621.2,wye,0.24,25,1,0.0075,-1,0,1.1,0.9,32
mdv201_hn_2_675_c89783-1c,1,89783.3,wye,7.19955785679463,25,1,0.0075,-1,0,1.1,0.9,32
mdv201_hn_2_675_c89783-1c,2,x_89783.3,wye,0.24,25,1,0.0075,-1,0,1.1,0.9,32
mdv201_hn_2_403_b792-1b,1,792.2,wye,7.19955785679463,25,1,0.0075,-1,0,1.1,0.9,32
mdv201_hn_2_403_b792-1b,2,x_792.2,wye,0.24,25,1,0.0075,-1,0,1.1,0.9,32
mdv201_hn_2_528_c8154-1c,1,8154.3,wye,7.19955785679463,25,1,0.0075,-1,0,1.1,0.9,32
mdv201_hn_2_528_c8154-1c,2,x_8154.3,wye,0.24,25,1,0.0075,-1,0,1.1,0.9,32
mdv201_c_1_370_b69485-1b,1,69485.2,wye,7.19955785679463,15,1,0.00825,-1,0,1.1,0.9,32
mdv201_c_1_370_b69485-1b,2,x_69485.2,wye,0.24,15,1,0.00825,-1,0,1.1,0.9,32
mdv201_hn_2_949_c8180-1c,1,8180.3,wye,7.19955785679463,25,1,0.0075,-1,0,1.1,0.9,32
mdv201_hn_2_949_c8180-1c,2,x_8180.3,wye,0.24,25,1,0.0075,-1,0,1.1,0.9,32
mdv201_hn_2_837_b39584-1b,1,39584.2,wye,7.19955785679463,25,1,0.0075,-1,0,1.1,0.9,32
mdv201_hn_2_837_b39584-1b,2,x_39584.2,wye,0.24,25,1,0.0075,-1,0,1.1,0.9,32
mdv201_hn_2_669_c89789-1c,1,89789.3,wye,7.19955785679463,25,1,0.0075,-1,0,1.1,0.9,32
mdv201_hn_2_669_c89789-1c,2,x_89789.3,wye,0.24,25,1,0.0075,-1,0,1.1,0.9,32
mdv201_hn_2_433_b787-1b,1,787.2,wye,7.19955785679463,50,1,0.006500000000000001,-1,0,1.1,0.9,32
mdv201_hn_2_433_b787-1b,2,x_787.2,wye,0.24,50,1,0.006500000000000001,-1,0,1.1,0.9,32
mdv201_hn_2_459_c62259-1c,1,62259.3,wye,7.19955785679463,25,1,0.0075,-1,0,1.1,0.9,32
mdv201_hn_2_459_c62259-1c,2,x_62259.3,wye,0.24,25,1,0.0075,-1,0,1.1,0.9,32
mdv201_hn_2_942_c89791-1c,1,89791.3,wye,7.19955785679463,25,1,0.0075,-1,0,1.1,0.9,32
mdv201_hn_2_942_c89791-1c,2,x_89791.3,wye,0.24,25,1,0.0075,-1,0,1.1,0.9,32
mdv201_hn_2_663_c62247-1c,1,62247.3,wye,7.19955785679463,25,1,0.0075,-1,0,1.1,0.9,32
mdv201_hn_2_663_c62247-1c,2,x_62247.3,wye,0.24,25,1,0.0075,-1,0,1.1,0.9,32
mdv201_hn_2_159_b6572-1b,1,6572.2,wye,7.19955785679463,15,1,0.00825,-1,0,1.1,0.9,32
mdv201_hn_2_159_b6572-1b,2,x_6572.2,wye,0.24,15,1,0.00825,-1,0,1.1,0.9,32
mdv201_hn_2_070_a1144231-1a,1,1144231.1,wye,7.19955785679463,15,1,0.00825,-1,0,1.1,0.9,32
mdv201_hn_2_070_a1144231-1a,2,x_1144231.1,wye,0.24,15,1,0.00825,-1,0,1.1,0.9,32
mdv201_hn_2_422_a790-1a,1,790.1,wye,7.19955785679463,25,1,0.0075,-1,0,1.1,0.9,32
mdv201_hn_2_422_a790-1a,2,x_790.1,wye,0.24,25,1,0.0075,-1,0,1.1,0.9,32
mdv201_hn_2_389_b63636-1b,1,63636.2,wye,7.19955785679463,37.5,1,0.006999999999999999,-1,0,1.1,0.9,32
mdv201_hn_2_389_b63636-1b,2,x_63636.2,wye,0.24,37.5,1,0.006999999999999999,-1,0,1.1,0.9,32
mdv201_hn_2_936_b14995-1b,1,14995.2,wye,7.19955785679463,37.5,1,0.006999999999999999,-1,0,1.1,0.9,32
mdv201_hn_2_936_b14995-1b,2,x_14995.2,wye,0.24,37.5,1,0.006999999999999999,-1,0,1.1,0.9,32
mdv201_hn_2_821_b39618-1b,1,39618.2,wye,7.19955785679463,25,1,0.0075,-1,0,1.1,0.9,32
mdv201_hn_2_821_b39618-1b,2,x_39618.2,wye,0.24,25,1,0.0075,-1,0,1.1,0.9,32
mdv201_hn_2_656_a14864-1a,1,14864.1,wye,7.19955785679463,25,1,0.0075,-1,0,1.1,0.9,32
mdv201_hn_2_656_a14864-1a,2,x_14864.1,wye,0.24,25,1,0.0075,-1,0,1.1,0.9,32
mdv201_hn_2_304_a8174-1a,1,8174.1,wye,7.19955785679463,25,1,0.0075,-1,0,1.1,0.9,32
mdv201_hn_2_304_a8174-1a,2,x_8174.1,wye,0.24,25,1,0.0075,-1,0,1.1,0.9,32
mdv201_63677fuse-1a,1,63677.1,wye,7.19955785679463,25,1,0.0075,-1,0,1.1,0.9,32
mdv201_63677fuse-1a,2,x_63677.1,wye,0.24,25,1,0.0075,-1,0,1.1,0.9,32
mdv201_hn_2_357_c28293-1c,1,28293.3,wye,7.19955785679463,15,1,0.00825,-1,0,1.1,0.9,32
mdv201_hn_2_357_c28293-1c,2,x_28293.3,wye,0.24,15,1,0.00825,-1,0,1.1,0.9,32
mdv201_hn_2_489_c8104-1c,1,8104.3,wye,7.19955785679463,15,1,0.00825,-1,0,1.1,0.9,32
mdv201_hn_2_489_c8104-1c,2,x_8104.3,wye,0.24,15,1,0.00825,-1,0,1.1,0.9,32
mdv201_hn_2_650_a28242-1a,1,28242.1,wye,7.19955785679463,25,1,0.0075,-1,0,1.1,0.9,32
mdv201_hn_2_650_a28242-1a,2,x_28242.1,wye,0.24,25,1,0.0075,-1,0,1.1,0.9,32
mdv201_hn_2_537_c8094-1c,1,8094.3,wye,7.19955785679463,50,1,0.006500000000000001,-1,0,1.1,0.9,32
mdv201_hn_2_537_c8094-1c,2,x_8094.3,wye,0.24,50,1,0.006500000000000001,-1,0,1.1,0.9,32
mdv201_hn_21095_c1148537-1c,1,1148537.3,wye,7.19955785679463,25,1,0.0075,-1,0,1.1,0.9,32
mdv201_hn_21095_c1148537-1c,2,x_1148537.3,wye,0.24,25,1,0.0075,-1,0,1.1,0.9,32
mdv201_hn_2_283_abc14857-1b,1,14857.2,wye,7.19955785679463,25,1,0.0075,-1,0,1.1,0.9,32
mdv201_hn_2_283_abc14857-1b,2,x_14857.2,wye,0.24,25,1,0.0075,-1,0,1.1,0.9,32
mdv201_da_8_155_abc46395-1c,1,46395.3,wye,7.19955785679463,15,1,0.00825,-1,0,1.1,0.9,32
mdv201_da_8_155_abc46395-1c,2,x_46395.3,wye,0.24,15,1,0.00825,-1,0,1.1,0.9,32
mdv201_hn_1_380_c1012407-1c,1,1012407.3,wye,7.19955785679463,37.5,1,0.006999999999999999,-1,0,1.1,0.9,32
mdv201_hn_1_380_c1012407-1c,2,x_1012407.3,wye,0.24,37.5,1,0.006999999999999999,-1,0,1.1,0.9,32
mdv201_c_1_124_abc69481-1b,1,69481.2,wye,7.19955785679463,37.5,1,0.006999999999999999,-1,0,1.1,0.9,32
mdv201_c_1_124_abc69481-1b,2,x_69481.2,wye,0.24,37.5,1,0.006999999999999999,-1,0,1.1,0.9,32
mdv201_112113fuse-1a,1,112113.1,wye,7.19955785679463,25,1,0.0075,-1,0,1.1,0.9,32
mdv201_112113fuse-1a,2,x_112113.1,wye,0.24,25,1,0.0075,-1,0,1.1,0.9,32
mdv201_c_1_162_a69459-1a,1,69459.1,wye,7.19955785679463,25,1,0.0075,-1,0,1.1,0.9,32
mdv201_c_1_162_a69459-1a,2,x_69459.1,wye,0.24,25,1,0.0075,-1,0,1.1,0.9,32
mdv201_hn_2_644_a28238-1a,1,28238.1,wye,7.19955785679463,25,1,0.0075,-1,0,1.1,0.9,32
mdv201_hn_2_644_a28238-1a,2,x_28238.1,wye,0.24,25,1,0.0075,-1,0,1.1,0.9,32
mdv201_hn_2_147_c14840-1c,1,14840.3,wye,7.19955785679463,37.5,1,0.006999999999999999,-1,0,1.1,0.9,32
mdv201_hn_2_147_c14840-1c,2,x_14840.3,wye,0.24,37.5,1,0.006999999999999999,-1,0,1.1,0.9,32
mdv201_hn_2_012_c28259-1c,1,28259.3,wye,7.19955785679463,50,1,0.006500000000000001,-1,0,1.1,0.9,32
mdv201_hn_2_012_c28259-1c,2,x_28259.3,wye,0.24,50,1,0.006500000000000001,-1,0,1.1,0.9,32
mdv201_hn_2_016_abc63680-1c,1,63680.3,wye,7.19955785679463,15,1,0.00825,-1,0,1.1,0.9,32
mdv201_hn_2_016_abc63680-1c,2,x_63680.3,wye,0.24,15,1,0.00825,-1,0,1.1,0.9,32
mdv201_hn_2_408_abc63655-1b,1,63655.2,wye,7.19955785679463,25,1,0.0075,-1,0,1.1,0.9,32
mdv201_hn_2_408_abc63655-1b,2,x_63655.2,wye,0.24,25,1,0.0075,-1,0,1.1,0.9,32
mdv201_1144240fuse-1a,1,1144240.1,wye,7.19955785679463,25,1,0.0075,-1,0,1.1,0.9,32
mdv201_1144240fuse-1a,2,x_1144240.1,wye,0.24,25,1,0.0075,-1,0,1.1,0.9,32
mdv201_hn_2_907_a39581-1a,1,39581.1,wye,7.19955785679463,25,1,0.0075,-1,0,1.1,0.9,32
mdv201_hn_2_907_a39581-1a,2,x_39581.1,wye,0.24,25,1,0.0075,-1,0,1.1,0.9,32
mdv201_hn_2_803_b837-1b,1,837.2,wye,7.19955785679463,37.5,1,0.006999999999999999,-1,0,1.1,0.9,32
mdv201_hn_2_803_b837-1b,2,x_837.2,wye,0.24,37.5,1,0.006999999999999999,-1,0,1.1,0.9,32
mdv201_hn_2_638_c28237-1c,1,28237.3,wye,7.19955785679463,25,1,0.0075,-1,0,1.1,0.9,32
mdv201_hn_2_638_c28237-1c,2,x_28237.3,wye,0.24,25,1,0.0075,-1,0,1.1,0.9,32
mdv201_hn_2_107_a39589-1a,1,39589.1,wye,7.19955785679463,25,1,0.0075,-1,0,1.1,0.9,32
mdv201_hn_2_107_a39589-1a,2,x_39589.1,wye,0.24,25,1,0.0075,-1,0,1.1,0.9,32
mdv201_da_8_202_c74456-1c,1,74456.3,wye,7.19955785679463,25,1,0.0075,-1,0,1.1,0.9,32
mdv201_da_8_202_c74456-1c,2,x_74456.3,wye,0.24,25,1,0.0075,-1,0,1.1,0.9,32
mdv201_hn_2_029_abc62262-1b,1,62262.2,wye,7.19955785679463,15,1,0.00825,-1,0,1.1,0.9,32
mdv201_hn_2_029_abc62262-1b,2,x_62262.2,wye,0.24,15,1,0.00825,-1,0,1.1,0.9,32
mdv201_hn_2_165_c39776-1c,1,39776.3,wye,7.19955785679463,37.5,1,0.006999999999999999,-1,0,1.1,0.9,32
mdv201_hn_2_165_c39776-1c,2,x_39776.3,wye,0.24,37.5,1,0.006999999999999999,-1,0,1.1,0.9,32
mdv201_da_8_861_b1149720-1b,1,1149720.2,wye,7.19955785679463,25,1,0.0075,-1,0,1.1,0.9,32
mdv201_da_8_861_b1149720-1b,2,x_1149720.2,wye,0.24,25,1,0.0075,-1,0,1.1,0.9,32
mdv201_c_1_409_a8138-1a,1,8138.1,wye,7.19955785679463,37.5,1,0.006999999999999999,-1,0,1.1,0.9,32
mdv201_c_1_409_a8138-1a,2,x_8138.1,wye,0.24,37.5,1,0.006999999999999999,-1,0,1.1,0.9,32
mdv201_c_1_399_a21654-1a,1,21654.1,wye,7.19955785679463,37.5,1,0.006999999999999999,-1,0,1.1,0.9,32
mdv201_c_1_399_a21654-1a,2,x_21654.1,wye,0.24,37.5,1,0.006999999999999999,-1,0,1.1,0.9,32
mdv201_hn_2_632_c28235-1c,1,28235.3,wye,7.19955785679463,25,1,0.0075,-1,0,1.1,0.9,32
mdv201_hn_2_632_c28235-1c,2,x_28235.3,wye,0.24,25,1,0.0075,-1,0,1.1,0.9,32
mdv201_hn_2_320_c28302-1c,1,28302.3,wye,7.19955785679463,15,1,0.00825,-1,0,1.1,0.9,32
mdv201_hn_2_320_c28302-1c,2,x_28302.3,wye,0.24,15,1,0.00825,-1,0,1.1,0.9,32
mdv201_hn_2_386_b811-1b,1,811.2,wye,7.19955785679463,25,1,0.0075,-1,0,1.1,0.9,32
mdv201_hn_2_386_b811-1b,2,x_811.2,wye,0.24,25,1,0.0075,-1,0,1.1,0.9,32
mdv201_107997elb-1a,1,107997.1,wye,7.19955785679463,37.5,1,0.006999999999999999,-1,0,1.1,0.9,32
mdv201_107997elb-1a,2,x_107997.1,wye,0.24,37.5,1,0.006999999999999999,-1,0,1.1,0.9,32
mdv201_hn_2_491_c8114-1c,1,8114.3,wye,7.19955785679463,25,1,0.0075,-1,0,1.1,0.9,32
mdv201_hn_2_491_c8114-1c,2,x_8114.3,wye,0.24,25,1,0.0075,-1,0,1.1,0.9,32
mdv201_hn_2_118_abc28287-1a,1,28287.1,wye,7.19955785679463,25,1,0.0075,-1,0,1.1,0.9,32
mdv201_hn_2_118_abc28287-1a,2,x_28287.1,wye,0.24,25,1,0.0075,-1,0,1.1,0.9,32
mdv201_39756elb-1b,1,39756.2,wye,7.19955785679463,25,1,0.0075,-1,0,1.1,0.9,32
mdv201_39756elb-1b,2,x_39756.2,wye,0.24,25,1,0.0075,-1,0,1.1,0.9,32
mdv201_da_8_148_abc56777-1b,1,56777.2,wye,7.19955785679463,25,1,0.0075,-1,0,1.1,0.9,32
mdv201_da_8_148_abc56777-1b,2,x_56777.2,wye,0.24,25,1,0.0075,-1,0,1.1,0.9,32
mdv201_da_8_687_b74448-1b,1,74448.2,wye,7.19955785679463,50,1,0.006500000000000001,-1,0,1.1,0.9,32
mdv201_da_8_687_b74448-1b,2,x_74448.2,wye,0.24,50,1,0.006500000000000001,-1,0,1.1,0.9,32
mdv201_hn_2_878_b1144266-1b,1,1144266.2,wye,7.19955785679463,25,1,0.0075,-1,0,1.1,0.9,32
mdv201_hn_2_878_b1144266-1b,2,x_1144266.2,wye,0.24,25,1,0.0075,-1,0,1.1,0.9,32
mdv201_hn_2_760_abc28208-1a,1,28208.1,wye,7.19955785679463,15,1,0.00825,-1,0,1.1,0.9,32
mdv201_hn_2_760_abc28208-1a,2,x_28208.1,wye,0.24,15,1,0.00825,-1,0,1.1,0.9,32
mdv201_hn_2_760_abc28208-1b,1,28208.2,wye,7.19955785679463,15,1,0.00825,-1,0,1.1,0.9,32
mdv201_hn_2_760_abc28208-1b,2,x_28208.2,wye,0.24,15,1,0.00825,-1,0,1.1,0.9,32
mdv201_hn_2_760_abc28208-1c,1,28208.3,wye,7.19955785679463,15,1,0.00825,-1,0,1.1,0.9,32
mdv201_hn_2_760_abc28208-1c,2,x_28208.3,wye,0.24,15,1,0.00825,-1,0,1.1,0.9,32
mdv201_hn_2_626_c14867-1c,1,14867.3,wye,7.19955785679463,25,1,0.0075,-1,0,1.1,0.9,32
mdv201_hn_2_626_c14867-1c,2,x_14867.3,wye,0.24,25,1,0.0075,-1,0,1.1,0.9,32
mdv201_hn_2_073_a8183-1a,1,8183.1,wye,7.19955785679463,37.5,1,0.006999999999999999,-1,0,1.1,0.9,32
mdv201_hn_2_073_a8183-1a,2,x_8183.1,wye,0.24,37.5,1,0.006999999999999999,-1,0,1.1,0.9,32
mdv201_da_8_360_b8205-1b,1,8205.2,wye,7.19955785679463,25,1,0.0075,-1,0,1.1,0.9,32
mdv201_da_8_360_b8205-1b,2,x_8205.2,wye,0.24,25,1,0.0075,-1,0,1.1,0.9,32
mdv201_da_8_780_a1144234-1a,1,1144234.1,wye,7.19955785679463,25,1,0.0075,-1,0,1.1,0.9,32
mdv201_da_8_780_a1144234-1a,2,x_1144234.1,wye,0.24,25,1,0.0075,-1,0,1.1,0.9,32
mdv201_da_8_139_b56756-1b,1,56756.2,wye,7.19955785679463,25,1,0.0075,-1,0,1.1,0.9,32
mdv201_da_8_139_b56756-1b,2,x_56756.2,wye,0.24,25,1,0.0075,-1,0,1.1,0.9,32
mdv201_hn_2_872_c63667-1c,1,63667.3,wye,7.19955785679463,25,1,0.0075,-1,0,1.1,0.9,32
mdv201_hn_2_872_c63667-1c,2,x_63667.3,wye,0.24,25,1,0.0075,-1,0,1.1,0.9,32
mdv201_hn_2_726_a63675-1a,1,63675.1,wye,7.19955785679463,25,1,0.0075,-1,0,1.1,0.9,32
mdv201_hn_2_726_a63675-1a,2,x_63675.1,wye,0.24,25,1,0.0075,-1,0,1.1,0.9,32
mdv201_hn_2_620_c28227-1c,1,28227.3,wye,7.19955785679463,25,1,0.0075,-1,0,1.1,0.9,32
mdv201_hn_2_620_c28227-1c,2,x_28227.3,wye,0.24,25,1,0.0075,-1,0,1.1,0.9,32
mdv201_da_8_697_b46390-1b,1,46390.2,wye,7.19955785679463,37.5,1,0.006999999999999999,-1,0,1.1,0.9,32
mdv201_da_8_697_b46390-1b,2,x_46390.2,wye,0.24,37.5,1,0.006999999999999999,-1,0,1.1,0.9,32
mdv201_hn_1_334_c28312-1c,1,28312.3,wye,7.19955785679463,15,1,0.00825,-1,0,1.1,0.9,32
mdv201_hn_1_334_c28312-1c,2,x_28312.3,wye,0.24,15,1,0.00825,-1,0,1.1,0.9,32
mdv201_da_8_140_abc56751-1a,1,56751.1,wye,7.19955785679463,25,1,0.0075,-1,0,1.1,0.9,32
mdv201_da_8_140_abc56751-1a,2,x_56751.1,wye,0.24,25,1,0.0075,-1,0,1.1,0.9,32
mdv201_hn_2_866_c63673-1c,1,63673.3,wye,7.19955785679463,25,1,0.0075,-1,0,1.1,0.9,32
mdv201_hn_2_866_c63673-1c,2,x_63673.3,wye,0.24,25,1,0.0075,-1,0,1.1,0.9,32
mdv201_hn_2_718_c14876-1c,1,14876.3,wye,7.19955785679463,37.5,1,0.006999999999999999,-1,0,1.1,0.9,32
mdv201_hn_2_718_c14876-1c,2,x_14876.3,wye,0.24,37.5,1,0.006999999999999999,-1,0,1.1,0.9,32
mdv201_hn_2_157_b14989-1b,1,14989.2,wye,7.19955785679463,10,1,0.008500000000000001,-1,0,1.1,0.9,32
mdv201_hn_2_157_b14989-1b,2,x_14989.2,wye,0.24,10,1,0.008500000000000001,-1,0,1.1,0.9,32
mdv201_hn_2_407_b809-1b,1,809.2,wye,7.19955785679463,37.5,1,0.006999999999999999,-1,0,1.1,0.9,32
mdv201_hn_2_407_b809-1b,2,x_809.2,wye,0.24,37.5,1,0.006999999999999999,-1,0,1.1,0.9,32
mdv201_hn_1_401_a39574-1a,1,39574.1,wye,7.19955785679463,5,1,0.008750000000000001,-1,0,1.1,0.9,32
mdv201_hn_1_401_a39574-1a,2,x_39574.1,wye,0.24,5,1,0.008750000000000001,-1,0,1.1,0.9,32
mdv201_hn_2_536_c8093-1c,1,8093.3,wye,7.19955785679463,15,1,0.00825,-1,0,1.1,0.9,32
mdv201_hn_2_536_c8093-1c,2,x_8093.3,wye,0.24,15,1,0.00825,-1,0,1.1,0.9,32
mdv201_hn_2_857_b94741-1b,1,94741.2,wye,7.19955785679463,25,1,0.0075,-1,0,1.1,0.9,32
mdv201_hn_2_857_b94741-1b,2,x_94741.2,wye,0.24,25,1,0.0075,-1,0,1.1,0.9,32
mdv201_hn_2_710_c52529-1c,1,52529.3,wye,7.19955785679463,25,1,0.0075,-1,0,1.1,0.9,32
mdv201_hn_2_710_c52529-1c,2,x_52529.3,wye,0.24,25,1,0.0075,-1,0,1.1,0.9,32
mdv201_hn_2_541_abc821-1b,1,821.2,wye,7.19955785679463,15,1,0.00825,-1,0,1.1,0.9,32
mdv201_hn_2_541_abc821-1b,2,x_821.2,wye,0.24,15,1,0.00825,-1,0,1.1,0.9,32
mdv201_hn_21041_c39773-1c,1,39773.3,wye,7.19955785679463,25,1,0.0075,-1,0,1.1,0.9,32
mdv201_hn_21041_c39773-1c,2,x_39773.3,wye,0.24,25,1,0.0075,-1,0,1.1,0.9,32
mdv201_hn_2_602_a8151-1a,1,8151.1,wye,7.19955785679463,25,1,0.0075,-1,0,1.1,0.9,32
mdv201_hn_2_602_a8151-1a,2,x_8151.1,wye,0.24,25,1,0.0075,-1,0,1.1,0.9,32
mdv201_hn_2_391_b63644-1b,1,63644.2,wye,7.19955785679463,25,1,0.0075,-1,0,1.1,0.9,32
mdv201_hn_2_391_b63644-1b,2,x_63644.2,wye,0.24,25,1,0.0075,-1,0,1.1,0.9,32
mdv201_hn_2_966_a63718-1a,1,63718.1,wye,7.19955785679463,25,1,0.0075,-1,0,1.1,0.9,32
mdv201_hn_2_966_a63718-1a,2,x_63718.1,wye,0.24,25,1,0.0075,-1,0,1.1,0.9,32
mdv201_hn_2_850_b52520-1b,1,52520.2,wye,7.19955785679463,25,1,0.0075,-1,0,1.1,0.9,32
mdv201_hn_2_850_b52520-1b,2,x_52520.2,wye,0.24,25,1,0.0075,-1,0,1.1,0.9,32
mdv201_hn_2_697_c8125-1c,1,8125.3,wye,7.19955785679463,37.5,1,0.006999999999999999,-1,0,1.1,0.9,32
mdv201_hn_2_697_c8125-1c,2,x_8125.3,wye,0.24,37.5,1,0.006999999999999999,-1,0,1.1,0.9,32
mdv201_hn_2_405_b803-1b,1,803.2,wye,7.19955785679463,25,1,0.0075,-1,0,1.1,0.9,32
mdv201_hn_2_405_b803-1b,2,x_803.2,wye,0.24,25,1,0.0075,-1,0,1.1,0.9,32
mdv201_hn_2_030_abc62265-1b,1,62265.2,wye,7.19955785679463,25,1,0.0075,-1,0,1.1,0.9,32
mdv201_hn_2_030_abc62265-1b,2,x_62265.2,wye,0.24,25,1,0.0075,-1,0,1.1,0.9,32
mdv201_da_8_736_c74436-1c,1,74436.3,wye,7.19955785679463,25,1,0.0075,-1,0,1.1,0.9,32
mdv201_da_8_736_c74436-1c,2,x_74436.3,wye,0.24,25,1,0.0075,-1,0,1.1,0.9,32
mdv201_hn_2_538_c8095-1c,1,8095.3,wye,7.19955785679463,37.5,1,0.006999999999999999,-1,0,1.1,0.9,32
mdv201_hn_2_538_c8095-1c,2,x_8095.3,wye,0.24,37.5,1,0.006999999999999999,-1,0,1.1,0.9,32
mdv201_da_8_917_a56768-1a,1,56768.1,wye,7.19955785679463,15,1,0.00825,-1,0,1.1,0.9,32
mdv201_da_8_917_a56768-1a,2,x_56768.1,wye,0.24,15,1,0.00825,-1,0,1.1,0.9,32
mdv201_hn_2_956_b39753-1b,1,39753.2,wye,7.19955785679463,37.5,1,0.006999999999999999,-1,0,1.1,0.9,32
mdv201_hn_2_956_b39753-1b,2,x_39753.2,wye,0.24,37.5,1,0.006999999999999999,-1,0,1.1,0.9,32
mdv201_hn_2_844_b69622-1b,1,69622.2,wye,7.19955785679463,25,1,0.0075,-1,0,1.1,0.9,32
mdv201_hn_2_844_b69622-1b,2,x_69622.2,wye,0.24,25,1,0.0075,-1,0,1.1,0.9,32
mdv201_hn_2_676_c62306-1c,1,62306.3,wye,7.19955785679463,37.5,1,0.006999999999999999,-1,0,1.1,0.9,32
mdv201_hn_2_676_c62306-1c,2,x_62306.3,wye,0.24,37.5,1,0.006999999999999999,-1,0,1.1,0.9,32
mdv201_hn_2_412_a832-1a,1,832.1,wye,7.19955785679463,25,1,0.0075,-1,0,1.1,0.9,32
mdv201_hn_2_412_a832-1a,2,x_832.1,wye,0.24,25,1,0.0075,-1,0,1.1,0.9,32
mdv201_hn_2_115_abc58446-1b,1,58446.2,wye,7.19955785679463,15,1,0.00825,-1,0,1.1,0.9,32
mdv201_hn_2_115_abc58446-1b,2,x_58446.2,wye,0.24,15,1,0.00825,-1,0,1.1,0.9,32
mdv201_hn_2_115_abc58446-1c,1,58446.3,wye,7.19955785679463,37.5,1,0.006999999999999999,-1,0,1.1,0.9,32
mdv201_hn_2_115_abc58446-1c,2,x_58446.3,wye,0.24,37.5,1,0.006999999999999999,-1,0,1.1,0.9,32
mdv201_hn_1_153_c1012415-1c,1,1012415.3,wye,7.19955785679463,25,1,0.0075,-1,0,1.1,0.9,32
mdv201_hn_1_153_c1012415-1c,2,x_1012415.3,wye,0.24,25,1,0.0075,-1,0,1.1,0.9,32
mdv201_8075elb-1a,1,8075.1,wye,7.19955785679463,25,1,0.0075,-1,0,1.1,0.9,32
mdv201_8075elb-1a,2,x_8075.1,wye,0.24,25,1,0.0075,-1,0,1.1,0.9,32
mdv201_hn_2_950_c8190-1c,1,8190.3,wye,7.19955785679463,25,1,0.0075,-1,0,1.1,0.9,32
mdv201_hn_2_950_c8190-1c,2,x_8190.3,wye,0.24,25,1,0.0075,-1,0,1.1,0.9,32
mdv201_hn_2_838_b39578-1b,1,39578.2,wye,7.19955785679463,25,1,0.0075,-1,0,1.1,0.9,32
mdv201_hn_2_838_b39578-1b,2,x_39578.2,wye,0.24,25,1,0.0075,-1,0,1.1,0.9,32
mdv201_hn_2_670_c89784-1c,1,89784.3,wye,7.19955785679463,25,1,0.0075,-1,0,1.1,0.9,32
mdv201_hn_2_670_c89784-1c,2,x_89784.3,wye,0.24,25,1,0.0075,-1,0,1.1,0.9,32
mdv201_hn_2_424_a784-1a,1,784.1,wye,7.19955785679463,25,1,0.0075,-1,0,1.1,0.9,32
mdv201_hn_2_424_a784-1a,2,x_784.1,wye,0.24,25,1,0.0075,-1,0,1.1,0.9,32
mdv201_hn_2_394_abc63658-1b,1,63658.2,wye,7.19955785679463,10,1,0.008500000000000001,-1,0,1.1,0.9,32
mdv201_hn_2_394_abc63658-1b,2,x_63658.2,wye,0.24,10,1,0.008500000000000001,-1,0,1.1,0.9,32
mdv201_hn_2_064_c14871-1c,1,14871.3,wye,7.19955785679463,37.5,1,0.006999999999999999,-1,0,1.1,0.9,32
mdv201_hn_2_064_c14871-1c,2,x_14871.3,wye,0.24,37.5,1,0.006999999999999999,-1,0,1.1,0.9,32
mdv201_hn_2_100_a39592-1a,1,39592.1,wye,7.19955785679463,15,1,0.00825,-1,0,1.1,0.9,32
mdv201_hn_2_100_a39592-1a,2,x_39592.1,wye,0.24,15,1,0.00825,-1,0,1.1,0.9,32
mdv201_hn_1_167_a39572-1a,1,39572.1,wye,7.19955785679463,25,1,0.0075,-1,0,1.1,0.9,32
mdv201_hn_1_167_a39572-1a,2,x_39572.1,wye,0.24,25,1,0.0075,-1,0,1.1,0.9,32
mdv201_hn_2_832_b69491-1b,1,69491.2,wye,7.19955785679463,25,1,0.0075,-1,0,1.1,0.9,32
mdv201_hn_2_832_b69491-1b,2,x_69491.2,wye,0.24,25,1,0.0075,-1,0,1.1,0.9,32
mdv201_hn_21006_c1008222-1c,1,1008222.3,wye,7.19955785679463,37.5,1,0.006999999999999999,-1,0,1.1,0.9,32
mdv201_hn_21006_c1008222-1c,2,x_1008222.3,wye,0.24,37.5,1,0.006999999999999999,-1,0,1.1,0.9,32
mdv201_hn_2_466_c62235-1c,1,62235.3,wye,7.19955785679463,37.5,1,0.006999999999999999,-1,0,1.1,0.9,32
mdv201_hn_2_466_c62235-1c,2,x_62235.3,wye,0.24,37.5,1,0.006999999999999999,-1,0,1.1,0.9,32
mdv201_c_1_407_a8136-1a,1,8136.1,wye,7.19955785679463,50,1,0.006500000000000001,-1,0,1.1,0.9,32
mdv201_c_1_407_a8136-1a,2,x_8136.1,wye,0.24,50,1,0.006500000000000001,-1,0,1.1,0.9,32
mdv201_hn_2_607_a21652-1a,1,21652.1,wye,7.19955785679463,37.5,1,0.006999999999999999,-1,0,1.1,0.9,32
mdv201_hn_2_607_a21652-1a,2,x_21652.1,wye,0.24,37.5,1,0.006999999999999999,-1,0,1.1,0.9,32
mdv201_hn_2_937_b14993-1b,1,14993.2,wye,7.19955785679463,25,1,0.0075,-1,0,1.1,0.9,32
mdv201_hn_2_937_b14993-1b,2,x_14993.2,wye,0.24,25,1,0.0075,-1,0,1.1,0.9,32
mdv201_hn_2_822_b39619-1b,1,39619.2,wye,7.19955785679463,25,1,0.0075,-1,0,1.1,0.9,32
mdv201_hn_2_822_b39619-1b,2,x_39619.2,wye,0.24,25,1,0.0075,-1,0,1.1,0.9,32
mdv201_hn_2_518_ac8086-1c,1,8086.3,wye,7.19955785679463,25,1,0.0075,-1,0,1.1,0.9,32
mdv201_hn_2_518_ac8086-1c,2,x_8086.3,wye,0.24,25,1,0.0075,-1,0,1.1,0.9,32
mdv201_hn_2_232_c14835-1c,1,14835.3,wye,7.19955785679463,25,1,0.0075,-1,0,1.1,0.9,32
mdv201_hn_2_232_c14835-1c,2,x_14835.3,wye,0.24,25,1,0.0075,-1,0,1.1,0.9,32
mdv201_hn_2_487_c8099-1c,1,8099.3,wye,7.19955785679463,25,1,0.0075,-1,0,1.1,0.9,32
mdv201_hn_2_487_c8099-1c,2,x_8099.3,wye,0.24,25,1,0.0075,-1,0,1.1,0.9,32
mdv201_1145434elb-1c,1,1145434.3,wye,7.19955785679463,75,1,0.006,-1,0,1.1,0.9,32
mdv201_1145434elb-1c,2,x_1145434.3,wye,0.24,75,1,0.006,-1,0,1.1,0.9,32
mdv201_da_8_688_b74451-1b,1,74451.2,wye,7.19955785679463,50,1,0.006500000000000001,-1,0,1.1,0.9,32
mdv201_da_8_688_b74451-1b,2,x_74451.2,wye,0.24,50,1,0.006500000000000001,-1,0,1.1,0.9,32
mdv201_hn_2_930_b62301-1b,1,62301.2,wye,7.19955785679463,25,1,0.0075,-1,0,1.1,0.9,32
mdv201_hn_2_930_b62301-1b,2,x_62301.2,wye,0.24,25,1,0.0075,-1,0,1.1,0.9,32
mdv201_hn_2_816_abc14879-1a,1,14879.1,wye,7.19955785679463,25,1,0.0075,-1,0,1.1,0.9,32
mdv201_hn_2_816_abc14879-1a,2,x_14879.1,wye,0.24,25,1,0.0075,-1,0,1.1,0.9,32
mdv201_hn_2_651_a28243-1a,1,28243.1,wye,7.19955785679463,25,1,0.0075,-1,0,1.1,0.9,32
mdv201_hn_2_651_a28243-1a,2,x_28243.1,wye,0.24,25,1,0.0075,-1,0,1.1,0.9,32
mdv201_hn_2_532_a8118-1a,1,8118.1,wye,7.19955785679463,25,1,0.0075,-1,0,1.1,0.9,32
mdv201_hn_2_532_a8118-1a,2,x_8118.1,wye,0.24,25,1,0.0075,-1,0,1.1,0.9,32
mdv201_1144238usd-1a,1,1144238.1,wye,7.19955785679463,15,1,0.00825,-1,0,1.1,0.9,32
mdv201_1144238usd-1a,2,x_1144238.1,wye,0.24,15,1,0.00825,-1,0,1.1,0.9,32
mdv201_hn_2_082_abc62250-1b,1,62250.2,wye,7.19955785679463,25,1,0.0075,-1,0,1.1,0.9,32
mdv201_hn_2_082_abc62250-1b,2,x_62250.2,wye,0.24,25,1,0.0075,-1,0,1.1,0.9,32
mdv201_da_8_690_b46385-1b,1,46385.2,wye,7.19955785679463,25,1,0.0075,-1,0,1.1,0.9,32
mdv201_da_8_690_b46385-1b,2,x_46385.2,wye,0.24,25,1,0.0075,-1,0,1.1,0.9,32
mdv201_da_8_769_c46401-1c,1,46401.3,wye,7.19955785679463,37.5,1,0.006999999999999999,-1,0,1.1,0.9,32
mdv201_da_8_769_c46401-1c,2,x_46401.3,wye,0.24,37.5,1,0.006999999999999999,-1,0,1.1,0.9,32
mdv201_hn_2_645_a28234-1a,1,28234.1,wye,7.19955785679463,25,1,0.0075,-1,0,1.1,0.9,32
mdv201_hn_2_645_a28234-1a,2,x_28234.1,wye,0.24,25,1,0.0075,-1,0,1.1,0.9,32
mdv201_hn_2_013_c28260-1c,1,28260.3,wye,7.19955785679463,25,1,0.0075,-1,0,1.1,0.9,32
mdv201_hn_2_013_c28260-1c,2,x_28260.3,wye,0.24,25,1,0.0075,-1,0,1.1,0.9,32
mdv201_hn_2_519_ac8090-1c,1,8090.3,wye,7.19955785679463,25,1,0.0075,-1,0,1.1,0.9,32
mdv201_hn_2_519_ac8090-1c,2,x_8090.3,wye,0.24,25,1,0.0075,-1,0,1.1,0.9,32
mdv201_8077elb-1a,1,8077.1,wye,7.19955785679463,25,1,0.0075,-1,0,1.1,0.9,32
mdv201_8077elb-1a,2,x_8077.1,wye,0.24,25,1,0.0075,-1,0,1.1,0.9,32
mdv201_hn_2_156_b39758-1b,1,39758.2,wye,7.19955785679463,25,1,0.0075,-1,0,1.1,0.9,32
mdv201_hn_2_156_b39758-1b,2,x_39758.2,wye,0.24,25,1,0.0075,-1,0,1.1,0.9,32
mdv201_1012644elb-1c,1,1012644.3,wye,7.19955785679463,25,1,0.0075,-1,0,1.1,0.9,32
mdv201_1012644elb-1c,2,x_1012644.3,wye,0.24,25,1,0.0075,-1,0,1.1,0.9,32
mdv201_c_1_132_abc69478-1b,1,69478.2,wye,7.19955785679463,37.5,1,0.006999999999999999,-1,0,1.1,0.9,32
mdv201_c_1_132_abc69478-1b,2,x_69478.2,wye,0.24,37.5,1,0.006999999999999999,-1,0,1.1,0.9,32
mdv201_da_8_928_a39733-1a,1,39733.1,wye,7.19955785679463,37.5,1,0.006999999999999999,-1,0,1.1,0.9,32
mdv201_da_8_928_a39733-1a,2,x_39733.1,wye,0.24,37.5,1,0.006999999999999999,-1,0,1.1,0.9,32
mdv201_hn_2_911_c44579-1c,1,44579.3,wye,7.19955785679463,25,1,0.0075,-1,0,1.1,0.9,32
mdv201_hn_2_911_c44579-1c,2,x_44579.3,wye,0.24,25,1,0.0075,-1,0,1.1,0.9,32
mdv201_hn_2_804_b39625-1b,1,39625.2,wye,7.19955785679463,50,1,0.006500000000000001,-1,0,1.1,0.9,32
mdv201_hn_2_804_b39625-1b,2,x_39625.2,wye,0.24,50,1,0.006500000000000001,-1,0,1.1,0.9,32
mdv201_hn_2_534_a8119-1a,1,8119.1,wye,7.19955785679463,25,1,0.0075,-1,0,1.1,0.9,32
mdv201_hn_2_534_a8119-1a,2,x_8119.1,wye,0.24,25,1,0.0075,-1,0,1.1,0.9,32
mdv201_hn_2_488_c8103-1c,1,8103.3,wye,7.19955785679463,15,1,0.00825,-1,0,1.1,0.9,32
mdv201_hn_2_488_c8103-1c,2,x_8103.3,wye,0.24,15,1,0.00825,-1,0,1.1,0.9,32
mdv201_c_1_321_a69464-1a,1,69464.1,wye,7.19955785679463,25,1,0.0075,-1,0,1.1,0.9,32
mdv201_c_1_321_a69464-1a,2,x_69464.1,wye,0.24,25,1,0.0075,-1,0,1.1,0.9,32
mdv201_hn_2_089_abc8163-1c,1,8163.3,wye,7.19955785679463,37.5,1,0.006999999999999999,-1,0,1.1,0.9,32
mdv201_hn_2_089_abc8163-1c,2,x_8163.3,wye,0.24,37.5,1,0.006999999999999999,-1,0,1.1,0.9,32
mdv201_hn_2_896_b52516-1b,1,52516.2,wye,7.19955785679463,25,1,0.0075,-1,0,1.1,0.9,32
mdv201_hn_2_896_b52516-1b,2,x_52516.2,wye,0.24,25,1,0.0075,-1,0,1.1,0.9,32
mdv201_hn_2_633_c28239-1c,1,28239.3,wye,7.19955785679463,25,1,0.0075,-1,0,1.1,0.9,32
mdv201_hn_2_633_c28239-1c,2,x_28239.3,wye,0.24,25,1,0.0075,-1,0,1.1,0.9,32
mdv201_hn_2_526_c860-1c,1,860.3,wye,7.19955785679463,25,1,0.0075,-1,0,1.1,0.9,32
mdv201_hn_2_526_c860-1c,2,x_860.3,wye,0.24,25,1,0.0075,-1,0,1.1,0.9,32
mdv201_hn_2_457_c62244-1c,1,62244.3,wye,7.19955785679463,25,1,0.0075,-1,0,1.1,0.9,32
mdv201_hn_2_457_c62244-1c,2,x_62244.3,wye,0.24,25,1,0.0075,-1,0,1.1,0.9,32
mdv201_hn_2_121_c28294-1c,1,28294.3,wye,7.19955785679463,25,1,0.0075,-1,0,1.1,0.9,32
mdv201_hn_2_121_c28294-1c,2,x_28294.3,wye,0.24,25,1,0.0075,-1,0,1.1,0.9,32
mdv201_hn_2_076_a14843-1a,1,14843.1,wye,7.19955785679463,10,1,0.008500000000000001,-1,0,1.1,0.9,32
mdv201_hn_2_076_a14843-1a,2,x_14843.1,wye,0.24,10,1,0.008500000000000001,-1,0,1.1,0.9,32
mdv201_da_8_926_a74421-1a,1,74421.1,wye,7.19955785679463,37.5,1,0.006999999999999999,-1,0,1.1,0.9,32
mdv201_da_8_926_a74421-1a,2,x_74421.1,wye,0.24,37.5,1,0.006999999999999999,-1,0,1.1,0.9,32
mdv201_hn_2_027_a39614-1a,1,39614.1,wye,7.19955785679463,15,1,0.00825,-1,0,1.1,0.9,32
mdv201_hn_2_027_a39614-1a,2,x_39614.1,wye,0.24,15,1,0.00825,-1,0,1.1,0.9,32
mdv201_da_8_930_a39751-1a,1,39751.1,wye,7.19955785679463,37.5,1,0.006999999999999999,-1,0,1.1,0.9,32
mdv201_da_8_930_a39751-1a,2,x_39751.1,wye,0.24,37.5,1,0.006999999999999999,-1,0,1.1,0.9,32
mdv201_8082elb-1a,1,8082.1,wye,7.19955785679463,37.5,1,0.006999999999999999,-1,0,1.1,0.9,32
mdv201_8082elb-1a,2,x_8082.1,wye,0.24,37.5,1,0.006999999999999999,-1,0,1.1,0.9,32
mdv201_hn_2_879_b825-1b,1,825.2,wye,7.19955785679463,25,1,0.0075,-1,0,1.1,0.9,32
mdv201_hn_2_879_b825-1b,2,x_825.2,wye,0.24,25,1,0.0075,-1,0,1.1,0.9,32
mdv201_hn_2_627_c14868-1c,1,14868.3,wye,7.19955785679463,15,1,0.00825,-1,0,1.1,0.9,32
mdv201_hn_2_627_c14868-1c,2,x_14868.3,wye,0.24,15,1,0.00825,-1,0,1.1,0.9,32
mdv201_hn_2_522_c855-1c,1,855.3,wye,7.19955785679463,37.5,1,0.006999999999999999,-1,0,1.1,0.9,32
mdv201_hn_2_522_c855-1c,2,x_855.3,wye,0.24,37.5,1,0.006999999999999999,-1,0,1.1,0.9,32
mdv201_hn_2_465_c62233-1c,1,62233.3,wye,7.19955785679463,37.5,1,0.006999999999999999,-1,0,1.1,0.9,32
mdv201_hn_2_465_c62233-1c,2,x_62233.3,wye,0.24,37.5,1,0.006999999999999999,-1,0,1.1,0.9,32
mdv201_1144257fuse-1c,1,1144257.3,wye,7.19955785679463,15,1,0.00825,-1,0,1.1,0.9,32
mdv201_1144257fuse-1c,2,x_1144257.3,wye,0.24,15,1,0.00825,-1,0,1.1,0.9,32
mdv201_hn_1_275_a94744-1a,1,94744.1,wye,7.19955785679463,15,1,0.00825,-1,0,1.1,0.9,32
mdv201_hn_1_275_a94744-1a,2,x_94744.1,wye,0.24,15,1,0.00825,-1,0,1.1,0.9,32
mdv201_da_8_740_abc6594-1b,1,6594.2,wye,7.19955785679463,37.5,1,0.006999999999999999,-1,0,1.1,0.9,32
mdv201_da_8_740_abc6594-1b,2,x_6594.2,wye,0.24,37.5,1,0.006999999999999999,-1,0,1.1,0.9,32
mdv201_hn_2_728_b15009-1b,1,15009.2,wye,7.19955785679463,10,1,0.008500000000000001,-1,0,1.1,0.9,32
mdv201_hn_2_728_b15009-1b,2,x_15009.2,wye,0.24,10,1,0.008500000000000001,-1,0,1.1,0.9,32
mdv201_hn_2_621_c28222-1c,1,28222.3,wye,7.19955785679463,37.5,1,0.006999999999999999,-1,0,1.1,0.9,32
mdv201_hn_2_621_c28222-1c,2,x_28222.3,wye,0.24,37.5,1,0.006999999999999999,-1,0,1.1,0.9,32
mdv201_hn_2_291_abc63681-1a,1,63681.1,wye,7.19955785679463,37.5,1,0.006999999999999999,-1,0,1.1,0.9,32
mdv201_hn_2_291_abc63681-1a,2,x_63681.1,wye,0.24,37.5,1,0.006999999999999999,-1,0,1.1,0.9,32
mdv201_hn_2_164_b6574-1b,1,6574.2,wye,7.19955785679463,15,1,0.00825,-1,0,1.1,0.9,32
mdv201_hn_2_164_b6574-1b,2,x_6574.2,wye,0.24,15,1,0.00825,-1,0,1.1,0.9,32
mdv201_8101elb-1a,1,8101.1,wye,7.19955785679463,37.5,1,0.006999999999999999,-1,0,1.1,0.9,32
mdv201_8101elb-1a,2,x_8101.1,wye,0.24,37.5,1,0.006999999999999999,-1,0,1.1,0.9,32
mdv201_hn_2_429_b807-1b,1,807.2,wye,7.19955785679463,37.5,1,0.006999999999999999,-1,0,1.1,0.9,32
mdv201_hn_2_429_b807-1b,2,x_807.2,wye,0.24,37.5,1,0.006999999999999999,-1,0,1.1,0.9,32
mdv201_da_8_931_a74443-1a,1,74443.1,wye,7.19955785679463,37.5,1,0.006999999999999999,-1,0,1.1,0.9,32
mdv201_da_8_931_a74443-1a,2,x_74443.1,wye,0.24,37.5,1,0.006999999999999999,-1,0,1.1,0.9,32
mdv201_hn_2_128_abc28288-1b,1,28288.2,wye,7.19955785679463,37.5,1,0.006999999999999999,-1,0,1.1,0.9,32
mdv201_hn_2_128_abc28288-1b,2,x_28288.2,wye,0.24,37.5,1,0.006999999999999999,-1,0,1.1,0.9,32
mdv201_hn_2_867_c839-1c,1,839.3,wye,7.19955785679463,25,1,0.0075,-1,0,1.1,0.9,32
mdv201_hn_2_867_c839-1c,2,x_839.3,wye,0.24,25,1,0.0075,-1,0,1.1,0.9,32
mdv201_hn_2_719_c14872-1c,1,14872.3,wye,7.19955785679463,25,1,0.0075,-1,0,1.1,0.9,32
mdv201_hn_2_719_c14872-1c,2,x_14872.3,wye,0.24,25,1,0.0075,-1,0,1.1,0.9,32
mdv201_hn_2_031_abc62264-1b,1,62264.2,wye,7.19955785679463,25,1,0.0075,-1,0,1.1,0.9,32
mdv201_hn_2_031_abc62264-1b,2,x_62264.2,wye,0.24,25,1,0.0075,-1,0,1.1,0.9,32
mdv201_hn_21050_b62307-1b,1,62307.2,wye,7.19955785679463,25,1,0.0075,-1,0,1.1,0.9,32
mdv201_hn_21050_b62307-1b,2,x_62307.2,wye,0.24,25,1,0.0075,-1,0,1.1,0.9,32
mdv201_c_1_400_a21653-1a,1,21653.1,wye,7.19955785679463,25,1,0.0075,-1,0,1.1,0.9,32
mdv201_c_1_400_a21653-1a,2,x_21653.1,wye,0.24,25,1,0.0075,-1,0,1.1,0.9,32
mdv201_hn_2_458_b39599-1b,1,39599.2,wye,7.19955785679463,37.5,1,0.006999999999999999,-1,0,1.1,0.9,32
mdv201_hn_2_458_b39599-1b,2,x_39599.2,wye,0.24,37.5,1,0.006999999999999999,-1,0,1.1,0.9,32
mdv201_8147elb-1a,1,8147.1,wye,7.19955785679463,25,1,0.0075,-1,0,1.1,0.9,32
mdv201_8147elb-1a,2,x_8147.1,wye,0.24,25,1,0.0075,-1,0,1.1,0.9,32
mdv201_hn_2_858_b94733-1b,1,94733.2,wye,7.19955785679463,37.5,1,0.006999999999999999,-1,0,1.1,0.9,32
mdv201_hn_2_858_b94733-1b,2,x_94733.2,wye,0.24,37.5,1,0.006999999999999999,-1,0,1.1,0.9,32
mdv201_hn_2_711_a63676-1a,1,63676.1,wye,7.19955785679463,25,1,0.0075,-1,0,1.1,0.9,32
mdv201_hn_2_711_a63676-1a,2,x_63676.1,wye,0.24,25,1,0.0075,-1,0,1.1,0.9,32
mdv201_hn_2_606_a8132-1a,1,8132.1,wye,7.19955785679463,25,1,0.0075,-1,0,1.1,0.9,32
mdv201_hn_2_606_a8132-1a,2,x_8132.1,wye,0.24,25,1,0.0075,-1,0,1.1,0.9,32
mdv201_hn_21016_c63717-1c,1,63717.3,wye,7.19955785679463,25,1,0.0075,-1,0,1.1,0.9,32
mdv201_hn_21016_c63717-1c,2,x_63717.3,wye,0.24,25,1,0.0075,-1,0,1.1,0.9,32
mdv201_hn_2_426_b816-1b,1,816.2,wye,7.19955785679463,25,1,0.0075,-1,0,1.1,0.9,32
mdv201_hn_2_426_b816-1b,2,x_816.2,wye,0.24,25,1,0.0075,-1,0,1.1,0.9,32
mdv201_c_1_067_abc8072-1b,1,8072.2,wye,7.19955785679463,25,1,0.0075,-1,0,1.1,0.9,32
mdv201_c_1_067_abc8072-1b,2,x_8072.2,wye,0.24,25,1,0.0075,-1,0,1.1,0.9,32
mdv201_hn_2_967_a63715-1a,1,63715.1,wye,7.19955785679463,25,1,0.0075,-1,0,1.1,0.9,32
mdv201_hn_2_967_a63715-1a,2,x_63715.1,wye,0.24,25,1,0.0075,-1,0,1.1,0.9,32
mdv201_hn_2_851_b52519-1b,1,52519.2,wye,7.19955785679463,37.5,1,0.006999999999999999,-1,0,1.1,0.9,32
mdv201_hn_2_851_b52519-1b,2,x_52519.2,wye,0.24,37.5,1,0.006999999999999999,-1,0,1.1,0.9,32
mdv201_hn_2_705_abc52524-1a,1,52524.1,wye,7.19955785679463,25,1,0.0075,-1,0,1.1,0.9,32
mdv201_hn_2_705_abc52524-1a,2,x_52524.1,wye,0.24,25,1,0.0075,-1,0,1.1,0.9,32
mdv201_hn_2_015_abc63665-1a,1,63665.1,wye,7.19955785679463,25,1,0.0075,-1,0,1.1,0.9,32
mdv201_hn_2_015_abc63665-1a,2,x_63665.1,wye,0.24,25,1,0.0075,-1,0,1.1,0.9,32
mdv201_hn_2_430_b797-1b,1,797.2,wye,7.19955785679463,25,1,0.0075,-1,0,1.1,0.9,32
mdv201_hn_2_430_b797-1b,2,x_797.2,wye,0.24,25,1,0.0075,-1,0,1.1,0.9,32
mdv201_hn_1_150_c1012408-1c,1,1012408.3,wye,7.19955785679463,25,1,0.0075,-1,0,1.1,0.9,32
mdv201_hn_1_150_c1012408-1c,2,x_1012408.3,wye,0.24,25,1,0.0075,-1,0,1.1,0.9,32
mdv201_da_8_804_abc88656-1c,1,88656.3,wye,7.19955785679463,15,1,0.00825,-1,0,1.1,0.9,32
mdv201_da_8_804_abc88656-1c,2,x_88656.3,wye,0.24,15,1,0.00825,-1,0,1.1,0.9,32
mdv201_hn_2_845_b69624-1b,1,69624.2,wye,7.19955785679463,25,1,0.0075,-1,0,1.1,0.9,32
mdv201_hn_2_845_b69624-1b,2,x_69624.2,wye,0.24,25,1,0.0075,-1,0,1.1,0.9,32
mdv201_hn_2_677_c62303-1c,1,62303.3,wye,7.19955785679463,25,1,0.0075,-1,0,1.1,0.9,32
mdv201_hn_2_677_c62303-1c,2,x_62303.3,wye,0.24,25,1,0.0075,-1,0,1.1,0.9,32
mdv201_hn_2_427_b826-1b,1,826.2,wye,7.19955785679463,25,1,0.0075,-1,0,1.1,0.9,32
mdv201_hn_2_427_b826-1b,2,x_826.2,wye,0.24,25,1,0.0075,-1,0,1.1,0.9,32
mdv201_hn_2_327_b62296-1b,1,62296.2,wye,7.19955785679463,15,1,0.00825,-1,0,1.1,0.9,32
mdv201_hn_2_327_b62296-1b,2,x_62296.2,wye,0.24,15,1,0.00825,-1,0,1.1,0.9,32
mdv201_8144elb-1a,1,8144.1,wye,7.19955785679463,37.5,1,0.006999999999999999,-1,0,1.1,0.9,32
mdv201_8144elb-1a,2,x_8144.1,wye,0.24,37.5,1,0.006999999999999999,-1,0,1.1,0.9,32
mdv201_hn_2_112_abc69628-1a,1,69628.1,wye,7.19955785679463,25,1,0.0075,-1,0,1.1,0.9,32
mdv201_hn_2_112_abc69628-1a,2,x_69628.1,wye,0.24,25,1,0.0075,-1,0,1.1,0.9,32
mdv201_da_8_691_b46386-1b,1,46386.2,wye,7.19955785679463,37.5,1,0.006999999999999999,-1,0,1.1,0.9,32
mdv201_da_8_691_b46386-1b,2,x_46386.2,wye,0.24,37.5,1,0.006999999999999999,-1,0,1.1,0.9,32
mdv201_hn_2_404_b799-1b,1,799.2,wye,7.19955785679463,25,1,0.0075,-1,0,1.1,0.9,32
mdv201_hn_2_404_b799-1b,2,x_799.2,wye,0.24,25,1,0.0075,-1,0,1.1,0.9,32
mdv201_da_8_735_c74437-1c,1,74437.3,wye,7.19955785679463,37.5,1,0.006999999999999999,-1,0,1.1,0.9,32
mdv201_da_8_735_c74437-1c,2,x_74437.3,wye,0.24,37.5,1,0.006999999999999999,-1,0,1.1,0.9,32
mdv201_hn_2_839_b39579-1b,1,39579.2,wye,7.19955785679463,25,1,0.0075,-1,0,1.1,0.9,32
mdv201_hn_2_839_b39579-1b,2,x_39579.2,wye,0.24,25,1,0.0075,-1,0,1.1,0.9,32
mdv201_hn_2_671_c89781-1c,1,89781.3,wye,7.19955785679463,25,1,0.0075,-1,0,1.1,0.9,32
mdv201_hn_2_671_c89781-1c,2,x_89781.3,wye,0.24,25,1,0.0075,-1,0,1.1,0.9,32
mdv201_hn_1_265_a89824-1a,1,89824.1,wye,7.19955785679463,25,1,0.0075,-1,0,1.1,0.9,32
mdv201_hn_1_265_a89824-1a,2,x_89824.1,wye,0.24,25,1,0.0075,-1,0,1.1,0.9,32
mdv201_hn_2_360_abc8165-1c,1,8165.3,wye,7.19955785679463,37.5,1,0.006999999999999999,-1,0,1.1,0.9,32
mdv201_hn_2_360_abc8165-1c,2,x_8165.3,wye,0.24,37.5,1,0.006999999999999999,-1,0,1.1,0.9,32
mdv201_hn_2_009_c28270-1c,1,28270.3,wye,7.19955785679463,25,1,0.0075,-1,0,1.1,0.9,32
mdv201_hn_2_009_c28270-1c,2,x_28270.3,wye,0.24,25,1,0.0075,-1,0,1.1,0.9,32
mdv201_da_8_137_b8198-1b,1,8198.2,wye,7.19955785679463,37.5,1,0.006999999999999999,-1,0,1.1,0.9,32
mdv201_da_8_137_b8198-1b,2,x_8198.2,wye,0.24,37.5,1,0.006999999999999999,-1,0,1.1,0.9,32
mdv201_hn_2_343_abc829-1b,1,829.2,wye,7.19955785679463,37.5,1,0.006999999999999999,-1,0,1.1,0.9,32
mdv201_hn_2_343_abc829-1b,2,x_829.2,wye,0.24,37.5,1,0.006999999999999999,-1,0,1.1,0.9,32
mdv201_39754elb-1b,1,39754.2,wye,7.19955785679463,25,1,0.0075,-1,0,1.1,0.9,32
mdv201_39754elb-1b,2,x_39754.2,wye,0.24,25,1,0.0075,-1,0,1.1,0.9,32
mdv201_hn_2_944_c44577-1c,1,44577.3,wye,7.19955785679463,25,1,0.0075,-1,0,1.1,0.9,32
mdv201_hn_2_944_c44577-1c,2,x_44577.3,wye,0.24,25,1,0.0075,-1,0,1.1,0.9,32
mdv201_hn_2_833_b39620-1b,1,39620.2,wye,7.19955785679463,25,1,0.0075,-1,0,1.1,0.9,32
mdv201_hn_2_833_b39620-1b,2,x_39620.2,wye,0.24,25,1,0.0075,-1,0,1.1,0.9,32
mdv201_hn_2_665_c62311-1c,1,62311.3,wye,7.19955785679463,25,1,0.0075,-1,0,1.1,0.9,32
mdv201_hn_2_665_c62311-1c,2,x_62311.3,wye,0.24,25,1,0.0075,-1,0,1.1,0.9,32
mdv201_hn_2_435_abc63643-1b,1,63643.2,wye,7.19955785679463,25,1,0.0075,-1,0,1.1,0.9,32
mdv201_hn_2_435_abc63643-1b,2,x_63643.2,wye,0.24,25,1,0.0075,-1,0,1.1,0.9,32
mdv201_hn_2_605_a21655-1a,1,21655.1,wye,7.19955785679463,25,1,0.0075,-1,0,1.1,0.9,32
mdv201_hn_2_605_a21655-1a,2,x_21655.1,wye,0.24,25,1,0.0075,-1,0,1.1,0.9,32
mdv201_da_8_152_abc74420-1b,1,74420.2,wye,7.19955785679463,15,1,0.00825,-1,0,1.1,0.9,32
mdv201_da_8_152_abc74420-1b,2,x_74420.2,wye,0.24,15,1,0.00825,-1,0,1.1,0.9,32
mdv201_hn_2_392_b63661-1b,1,63661.2,wye,7.19955785679463,37.5,1,0.006999999999999999,-1,0,1.1,0.9,32
mdv201_hn_2_392_b63661-1b,2,x_63661.2,wye,0.24,37.5,1,0.006999999999999999,-1,0,1.1,0.9,32
mdv201_da_8_744_c46398-1c,1,46398.3,wye,7.19955785679463,25,1,0.0075,-1,0,1.1,0.9,32
mdv201_da_8_744_c46398-1c,2,x_46398.3,wye,0.24,25,1,0.0075,-1,0,1.1,0.9,32
mdv201_hn_2_938_b14992-1b,1,14992.2,wye,7.19955785679463,25,1,0.0075,-1,0,1.1,0.9,32
mdv201_hn_2_938_b14992-1b,2,x_14992.2,wye,0.24,25,1,0.0075,-1,0,1.1,0.9,32
mdv201_hn_2_658_c62236-1c,1,62236.3,wye,7.19955785679463,25,1,0.0075,-1,0,1.1,0.9,32
mdv201_hn_2_658_c62236-1c,2,x_62236.3,wye,0.24,25,1,0.0075,-1,0,1.1,0.9,32
mdv201_hn_2_220_b44580-1b,1,44580.2,wye,7.19955785679463,15,1,0.00825,-1,0,1.1,0.9,32
mdv201_hn_2_220_b44580-1b,2,x_44580.2,wye,0.24,15,1,0.00825,-1,0,1.1,0.9,32
mdv201_hn_21023_a8193-1a,1,8193.1,wye,7.19955785679463,15,1,0.00825,-1,0,1.1,0.9,32
mdv201_hn_21023_a8193-1a,2,x_8193.1,wye,0.24,15,1,0.00825,-1,0,1.1,0.9,32
mdv201_hn_2_817_abc14880-1a,1,14880.1,wye,7.19955785679463,25,1,0.0075,-1,0,1.1,0.9,32
mdv201_hn_2_817_abc14880-1a,2,x_14880.1,wye,0.24,25,1,0.0075,-1,0,1.1,0.9,32
mdv201_hn_2_477_c8121-1c,1,8121.3,wye,7.19955785679463,37.5,1,0.006999999999999999,-1,0,1.1,0.9,32
mdv201_hn_2_477_c8121-1c,2,x_8121.3,wye,0.24,37.5,1,0.006999999999999999,-1,0,1.1,0.9,32
mdv201_8159elb-1a,1,8159.1,wye,7.19955785679463,25,1,0.0075,-1,0,1.1,0.9,32
mdv201_8159elb-1a,2,x_8159.1,wye,0.24,25,1,0.0075,-1,0,1.1,0.9,32
mdv201_hn_2_328_c14830-1c,1,14830.3,wye,7.19955785679463,25,1,0.0075,-1,0,1.1,0.9,32
mdv201_hn_2_328_c14830-1c,2,x_14830.3,wye,0.24,25,1,0.0075,-1,0,1.1,0.9,32
mdv201_da_8_259_a1023345-1a,1,1023345.1,wye,7.19955785679463,25,1,0.0075,-1,0,1.1,0.9,32
mdv201_da_8_259_a1023345-1a,2,x_1023345.1,wye,0.24,25,1,0.0075,-1,0,1.1,0.9,32
mdv201_hn_2_924_c28267-1c,1,28267.3,wye,7.19955785679463,15,1,0.00825,-1,0,1.1,0.9,32
mdv201_hn_2_924_c28267-1c,2,x_28267.3,wye,0.24,15,1,0.00825,-1,0,1.1,0.9,32
mdv201_hn_2_646_a28230-1a,1,28230.1,wye,7.19955785679463,25,1,0.0075,-1,0,1.1,0.9,32
mdv201_hn_2_646_a28230-1a,2,x_28230.1,wye,0.24,25,1,0.0075,-1,0,1.1,0.9,32
mdv201_hn_2_402_b793-1b,1,793.2,wye,7.19955785679463,25,1,0.0075,-1,0,1.1,0.9,32
mdv201_hn_2_402_b793-1b,2,x_793.2,wye,0.24,25,1,0.0075,-1,0,1.1,0.9,32
mdv201_hn_2_097_a39598-1a,1,39598.1,wye,7.19955785679463,37.5,1,0.006999999999999999,-1,0,1.1,0.9,32
mdv201_hn_2_097_a39598-1a,2,x_39598.1,wye,0.24,37.5,1,0.006999999999999999,-1,0,1.1,0.9,32
mdv201_hn_2_153_b14829-1b,1,14829.2,wye,7.19955785679463,37.5,1,0.006999999999999999,-1,0,1.1,0.9,32
mdv201_hn_2_153_b14829-1b,2,x_14829.2,wye,0.24,37.5,1,0.006999999999999999,-1,0,1.1,0.9,32
mdv201_hn_2_288_c63719-1c,1,63719.3,wye,7.19955785679463,37.5,1,0.006999999999999999,-1,0,1.1,0.9,32
mdv201_hn_2_288_c63719-1c,2,x_63719.3,wye,0.24,37.5,1,0.006999999999999999,-1,0,1.1,0.9,32
mdv201_da_8_696_b46388-1b,1,46388.2,wye,7.19955785679463,37.5,1,0.006999999999999999,-1,0,1.1,0.9,32
mdv201_da_8_696_b46388-1b,2,x_46388.2,wye,0.24,37.5,1,0.006999999999999999,-1,0,1.1,0.9,32
mdv201_hn_2_423_a785-1a,1,785.1,wye,7.19955785679463,25,1,0.0075,-1,0,1.1,0.9,32
mdv201_hn_2_423_a785-1a,2,x_785.1,wye,0.24,25,1,0.0075,-1,0,1.1,0.9,32
mdv201_hn_2_805_b39624-1b,1,39624.2,wye,7.19955785679463,50,1,0.006500000000000001,-1,0,1.1,0.9,32
mdv201_hn_2_805_b39624-1b,2,x_39624.2,wye,0.24,50,1,0.006500000000000001,-1,0,1.1,0.9,32
mdv201_hn_2_640_ac28251-1a,1,28251.1,wye,7.19955785679463,37.5,1,0.006999999999999999,-1,0,1.1,0.9,32
mdv201_hn_2_640_ac28251-1a,2,x_28251.1,wye,0.24,37.5,1,0.006999999999999999,-1,0,1.1,0.9,32
mdv201_hn_2_110_abc94729-1c,1,94729.3,wye,7.19955785679463,15,1,0.00825,-1,0,1.1,0.9,32
mdv201_hn_2_110_abc94729-1c,2,x_94729.3,wye,0.24,15,1,0.00825,-1,0,1.1,0.9,32
mdv201_hn_2_127_c63708-1c,1,63708.3,wye,7.19955785679463,25,1,0.0075,-1,0,1.1,0.9,32
mdv201_hn_2_127_c63708-1c,2,x_63708.3,wye,0.24,25,1,0.0075,-1,0,1.1,0.9,32
mdv201_hn_2_531_c857-1c,1,857.3,wye,7.19955785679463,25,1,0.0075,-1,0,1.1,0.9,32
mdv201_hn_2_531_c857-1c,2,x_857.3,wye,0.24,25,1,0.0075,-1,0,1.1,0.9,32
mdv201_c_1_068_abc69490-1b,1,69490.2,wye,7.19955785679463,25,1,0.0075,-1,0,1.1,0.9,32
mdv201_c_1_068_abc69490-1b,2,x_69490.2,wye,0.24,25,1,0.0075,-1,0,1.1,0.9,32
mdv201_hn_2_400_b63637-1b,1,63637.2,wye,7.19955785679463,25,1,0.0075,-1,0,1.1,0.9,32
mdv201_hn_2_400_b63637-1b,2,x_63637.2,wye,0.24,25,1,0.0075,-1,0,1.1,0.9,32
mdv201_hn_2_897_b94726-1b,1,94726.2,wye,7.19955785679463,25,1,0.0075,-1,0,1.1,0.9,32
mdv201_hn_2_897_b94726-1b,2,x_94726.2,wye,0.24,25,1,0.0075,-1,0,1.1,0.9,32
mdv201_hn_2_533_a8117-1a,1,8117.1,wye,7.19955785679463,25,1,0.0075,-1,0,1.1,0.9,32
mdv201_hn_2_533_a8117-1a,2,x_8117.1,wye,0.24,25,1,0.0075,-1,0,1.1,0.9,32
mdv201_hn_2_062_c28277-1c,1,28277.3,wye,7.19955785679463,25,1,0.0075,-1,0,1.1,0.9,32
mdv201_hn_2_062_c28277-1c,2,x_28277.3,wye,0.24,25,1,0.0075,-1,0,1.1,0.9,32
mdv201_hn_2_603_a8152-1a,1,8152.1,wye,7.19955785679463,37.5,1,0.006999999999999999,-1,0,1.1,0.9,32
mdv201_hn_2_603_a8152-1a,2,x_8152.1,wye,0.24,37.5,1,0.006999999999999999,-1,0,1.1,0.9,32
mdv201_da_8_689_b46389-1b,1,46389.2,wye,7.19955785679463,37.5,1,0.006999999999999999,-1,0,1.1,0.9,32
mdv201_da_8_689_b46389-1b,2,x_46389.2,wye,0.24,37.5,1,0.006999999999999999,-1,0,1.1,0.9,32
mdv201_hn_2_136_abc1010734-1b,1,1010734.2,wye,7.19955785679463,25,1,0.0075,-1,0,1.1,0.9,32
mdv201_hn_2_136_abc1010734-1b,2,x_1010734.2,wye,0.24,25,1,0.0075,-1,0,1.1,0.9,32
mdv201_da_8_929_a39734-1a,1,39734.1,wye,7.19955785679463,37.5,1,0.006999999999999999,-1,0,1.1,0.9,32
mdv201_da_8_929_a39734-1a,2,x_39734.1,wye,0.24,37.5,1,0.006999999999999999,-1,0,1.1,0.9,32
mdv201_hn_2_608_a8133-1a,1,8133.1,wye,7.19955785679463,25,1,0.0075,-1,0,1.1,0.9,32
mdv201_hn_2_608_a8133-1a,2,x_8133.1,wye,0.24,25,1,0.0075,-1,0,1.1,0.9,32
mdv201_da_8_204_c46404-1c,1,46404.3,wye,7.19955785679463,25,1,0.0075,-1,0,1.1,0.9,32
mdv201_da_8_204_c46404-1c,2,x_46404.3,wye,0.24,25,1,0.0075,-1,0,1.1,0.9,32
mdv201_c_1_401_a21651-1a,1,21651.1,wye,7.19955785679463,25,1,0.0075,-1,0,1.1,0.9,32
mdv201_c_1_401_a21651-1a,2,x_21651.1,wye,0.24,25,1,0.0075,-1,0,1.1,0.9,32
mdv201_hn_2_880_b8096-1b,1,8096.2,wye,7.19955785679463,37.5,1,0.006999999999999999,-1,0,1.1,0.9,32
mdv201_hn_2_880_b8096-1b,2,x_8096.2,wye,0.24,37.5,1,0.006999999999999999,-1,0,1.1,0.9,32
mdv201_hn_2_772_c14846-1c,1,14846.3,wye,7.19955785679463,37.5,1,0.006999999999999999,-1,0,1.1,0.9,32
mdv201_hn_2_772_c14846-1c,2,x_14846.3,wye,0.24,37.5,1,0.006999999999999999,-1,0,1.1,0.9,32
mdv201_hn_2_628_c52531-1c,1,52531.3,wye,7.19955785679463,25,1,0.0075,-1,0,1.1,0.9,32
mdv201_hn_2_628_c52531-1c,2,x_52531.3,wye,0.24,25,1,0.0075,-1,0,1.1,0.9,32
mdv201_hn_2_492_c8123-1c,1,8123.3,wye,7.19955785679463,25,1,0.0075,-1,0,1.1,0.9,32
mdv201_hn_2_492_c8123-1c,2,x_8123.3,wye,0.24,25,1,0.0075,-1,0,1.1,0.9,32
mdv201_hn_2_610_a8130-1a,1,8130.1,wye,7.19955785679463,37.5,1,0.006999999999999999,-1,0,1.1,0.9,32
mdv201_hn_2_610_a8130-1a,2,x_8130.1,wye,0.24,37.5,1,0.006999999999999999,-1,0,1.1,0.9,32
mdv201_hn_2_359_abc93587-1c,1,93587.3,wye,7.19955785679463,25,1,0.0075,-1,0,1.1,0.9,32
mdv201_hn_2_359_abc93587-1c,2,x_93587.3,wye,0.24,25,1,0.0075,-1,0,1.1,0.9,32
mdv201_da_8_734_c74440-1c,1,74440.3,wye,7.19955785679463,25,1,0.0075,-1,0,1.1,0.9,32
mdv201_da_8_734_c74440-1c,2,x_74440.3,wye,0.24,25,1,0.0075,-1,0,1.1,0.9,32
mdv201_hn_1_210_a28279-1a,1,28279.1,wye,7.19955785679463,25,1,0.0075,-1,0,1.1,0.9,32
mdv201_hn_1_210_a28279-1a,2,x_28279.1,wye,0.24,25,1,0.0075,-1,0,1.1,0.9,32
mdv201_c_1_387_a8097-1a,1,8097.1,wye,7.19955785679463,25,1,0.0075,-1,0,1.1,0.9,32
mdv201_c_1_387_a8097-1a,2,x_8097.1,wye,0.24,25,1,0.0075,-1,0,1.1,0.9,32
mdv201_c_1_353_b1008228-1b,1,1008228.2,wye,7.19955785679463,25,1,0.0075,-1,0,1.1,0.9,32
mdv201_c_1_353_b1008228-1b,2,x_1008228.2,wye,0.24,25,1,0.0075,-1,0,1.1,0.9,32
mdv201_hn_2_874_c63669-1c,1,63669.3,wye,7.19955785679463,25,1,0.0075,-1,0,1.1,0.9,32
mdv201_hn_2_874_c63669-1c,2,x_63669.3,wye,0.24,25,1,0.0075,-1,0,1.1,0.9,32
mdv201_hn_2_729_b28246-1b,1,28246.2,wye,7.19955785679463,15,1,0.00825,-1,0,1.1,0.9,32
mdv201_hn_2_729_b28246-1b,2,x_28246.2,wye,0.24,15,1,0.00825,-1,0,1.1,0.9,32
mdv201_hn_2_622_c28223-1c,1,28223.3,wye,7.19955785679463,37.5,1,0.006999999999999999,-1,0,1.1,0.9,32
mdv201_hn_2_622_c28223-1c,2,x_28223.3,wye,0.24,37.5,1,0.006999999999999999,-1,0,1.1,0.9,32
mdv201_hn_2_521_c8087-1c,1,8087.3,wye,7.19955785679463,37.5,1,0.006999999999999999,-1,0,1.1,0.9,32
mdv201_hn_2_521_c8087-1c,2,x_8087.3,wye,0.24,37.5,1,0.006999999999999999,-1,0,1.1,0.9,32
mdv201_hn_2_397_b63634-1b,1,63634.2,wye,7.19955785679463,50,1,0.006500000000000001,-1,0,1.1,0.9,32
mdv201_hn_2_397_b63634-1b,2,x_63634.2,wye,0.24,50,1,0.006500000000000001,-1,0,1.1,0.9,32
mdv201_15008elb-1b,1,15008.2,wye,7.19955785679463,37.5,1,0.006999999999999999,-1,0,1.1,0.9,32
mdv201_15008elb-1b,2,x_15008.2,wye,0.24,37.5,1,0.006999999999999999,-1,0,1.1,0.9,32
mdv201_hn_1_278_c89797-1c,1,89797.3,wye,7.19955785679463,15,1,0.00825,-1,0,1.1,0.9,32
mdv201_hn_1_278_c89797-1c,2,x_89797.3,wye,0.24,15,1,0.00825,-1,0,1.1,0.9,32
mdv201_da_8_927_a74424-1a,1,74424.1,wye,7.19955785679463,37.5,1,0.006999999999999999,-1,0,1.1,0.9,32
mdv201_da_8_927_a74424-1a,2,x_74424.1,wye,0.24,37.5,1,0.006999999999999999,-1,0,1.1,0.9,32
mdv201_da_8_675_a56750-1a,1,56750.1,wye,7.19955785679463,25,1,0.0075,-1,0,1.1,0.9,32
mdv201_da_8_675_a56750-1a,2,x_56750.1,wye,0.24,25,1,0.0075,-1,0,1.1,0.9,32
mdv201_c_1_140_abc69477-1b,1,69477.2,wye,7.19955785679463,10,1,0.008500000000000001,-1,0,1.1,0.9,32
mdv201_c_1_140_abc69477-1b,2,x_69477.2,wye,0.24,10,1,0.008500000000000001,-1,0,1.1,0.9,32
mdv201_hn_2_868_c833-1c,1,833.3,wye,7.19955785679463,25,1,0.0075,-1,0,1.1,0.9,32
mdv201_hn_2_868_c833-1c,2,x_833.3,wye,0.24,25,1,0.0075,-1,0,1.1,0.9,32
mdv201_hn_2_720_c14849-1c,1,14849.3,wye,7.19955785679463,37.5,1,0.006999999999999999,-1,0,1.1,0.9,32
mdv201_hn_2_720_c14849-1c,2,x_14849.3,wye,0.24,37.5,1,0.006999999999999999,-1,0,1.1,0.9,32
mdv201_hn_21032_b62295-1b,1,62295.2,wye,7.19955785679463,25,1,0.0075,-1,0,1.1,0.9,32
mdv201_hn_21032_b62295-1b,2,x_62295.2,wye,0.24,25,1,0.0075,-1,0,1.1,0.9,32
mdv201_8076elb-1a,1,8076.1,wye,7.19955785679463,25,1,0.0075,-1,0,1.1,0.9,32
mdv201_8076elb-1a,2,x_8076.1,wye,0.24,25,1,0.0075,-1,0,1.1,0.9,32
mdv201_hn_2_155_b39757-1b,1,39757.2,wye,7.19955785679463,37.5,1,0.006999999999999999,-1,0,1.1,0.9,32
mdv201_hn_2_155_b39757-1b,2,x_39757.2,wye,0.24,37.5,1,0.006999999999999999,-1,0,1.1,0.9,32
mdv201_da_8_922_a56784-1a,1,56784.1,wye,7.19955785679463,25,1,0.0075,-1,0,1.1,0.9,32
mdv201_da_8_922_a56784-1a,2,x_56784.1,wye,0.24,25,1,0.0075,-1,0,1.1,0.9,32
mdv201_hn_2_859_b94734-1b,1,94734.2,wye,7.19955785679463,25,1,0.0075,-1,0,1.1,0.9,32
mdv201_hn_2_859_b94734-1b,2,x_94734.2,wye,0.24,25,1,0.0075,-1,0,1.1,0.9,32
mdv201_hn_2_712_a63678-1a,1,63678.1,wye,7.19955785679463,37.5,1,0.006999999999999999,-1,0,1.1,0.9,32
mdv201_hn_2_712_a63678-1a,2,x_63678.1,wye,0.24,37.5,1,0.006999999999999999,-1,0,1.1,0.9,32
mdv201_hn_2_250_abc801-1a,1,801.1,wye,7.19955785679463,25,1,0.0075,-1,0,1.1,0.9,32
mdv201_hn_2_250_abc801-1a,2,x_801.1,wye,0.24,25,1,0.0075,-1,0,1.1,0.9,32
mdv201_da_8_398_c1017351-1c,1,1017351.3,wye,7.19955785679463,15,1,0.00825,-1,0,1.1,0.9,32
mdv201_da_8_398_c1017351-1c,2,x_1017351.3,wye,0.24,15,1,0.00825,-1,0,1.1,0.9,32
mdv201_hn_2_520_a8092-1a,1,8092.1,wye,7.19955785679463,25,1,0.0075,-1,0,1.1,0.9,32
mdv201_hn_2_520_a8092-1a,2,x_8092.1,wye,0.24,25,1,0.0075,-1,0,1.1,0.9,32
mdv201_da_8_729_c74452-1c,1,74452.3,wye,7.19955785679463,37.5,1,0.006999999999999999,-1,0,1.1,0.9,32
mdv201_da_8_729_c74452-1c,2,x_74452.3,wye,0.24,37.5,1,0.006999999999999999,-1,0,1.1,0.9,32
mdv201_hn_2_132_a1010739-1a,1,1010739.1,wye,7.19955785679463,37.5,1,0.006999999999999999,-1,0,1.1,0.9,32
mdv201_hn_2_132_a1010739-1a,2,x_1010739.1,wye,0.24,37.5,1,0.006999999999999999,-1,0,1.1,0.9,32
mdv201_da_8_730_c74449-1c,1,74449.3,wye,7.19955785679463,25,1,0.0075,-1,0,1.1,0.9,32
mdv201_da_8_730_c74449-1c,2,x_74449.3,wye,0.24,25,1,0.0075,-1,0,1.1,0.9,32
mdv201_8089elb-1a,1,8089.1,wye,7.19955785679463,37.5,1,0.006999999999999999,-1,0,1.1,0.9,32
mdv201_8089elb-1a,2,x_8089.1,wye,0.24,37.5,1,0.006999999999999999,-1,0,1.1,0.9,32
mdv201_hn_2_968_a63713-1a,1,63713.1,wye,7.19955785679463,37.5,1,0.006999999999999999,-1,0,1.1,0.9,32
mdv201_hn_2_968_a63713-1a,2,x_63713.1,wye,0.24,37.5,1,0.006999999999999999,-1,0,1.1,0.9,32
mdv201_hn_2_852_b39588-1b,1,39588.2,wye,7.19955785679463,25,1,0.0075,-1,0,1.1,0.9,32
mdv201_hn_2_852_b39588-1b,2,x_39588.2,wye,0.24,25,1,0.0075,-1,0,1.1,0.9,32
mdv201_hn_2_706_c52532-1c,1,52532.3,wye,7.19955785679463,25,1,0.0075,-1,0,1.1,0.9,32
mdv201_hn_2_706_c52532-1c,2,x_52532.3,wye,0.24,25,1,0.0075,-1,0,1.1,0.9,32
mdv201_hn_2_286_abc8178-1a,1,8178.1,wye,7.19955785679463,37.5,1,0.006999999999999999,-1,0,1.1,0.9,32
mdv201_hn_2_286_abc8178-1a,2,x_8178.1,wye,0.24,37.5,1,0.006999999999999999,-1,0,1.1,0.9,32
mdv201_hn_2_478_c8115-1c,1,8115.3,wye,7.19955785679463,25,1,0.0075,-1,0,1.1,0.9,32
mdv201_hn_2_478_c8115-1c,2,x_8115.3,wye,0.24,25,1,0.0075,-1,0,1.1,0.9,32
mdv201_hn_2_114_abc58441-1b,1,58441.2,wye,7.19955785679463,15,1,0.00825,-1,0,1.1,0.9,32
mdv201_hn_2_114_abc58441-1b,2,x_58441.2,wye,0.24,15,1,0.00825,-1,0,1.1,0.9,32
mdv201_da_8_461_b58421-1b,1,58421.2,wye,7.19955785679463,25,1,0.0075,-1,0,1.1,0.9,32
mdv201_da_8_461_b58421-1b,2,x_58421.2,wye,0.24,25,1,0.0075,-1,0,1.1,0.9,32
mdv201_hn_2_479_c8116-1c,1,8116.3,wye,7.19955785679463,37.5,1,0.006999999999999999,-1,0,1.1,0.9,32
mdv201_hn_2_479_c8116-1c,2,x_8116.3,wye,0.24,37.5,1,0.006999999999999999,-1,0,1.1,0.9,32
mdv201_da_8_795_b88661-1b,1,88661.2,wye,7.19955785679463,37.5,1,0.006999999999999999,-1,0,1.1,0.9,32
mdv201_da_8_795_b88661-1b,2,x_88661.2,wye,0.24,37.5,1,0.006999999999999999,-1,0,1.1,0.9,32
mdv201_hn_2_961_b39761-1b,1,39761.2,wye,7.19955785679463,25,1,0.0075,-1,0,1.1,0.9,32
mdv201_hn_2_961_b39761-1b,2,x_39761.2,wye,0.24,25,1,0.0075,-1,0,1.1,0.9,32
mdv201_hn_2_846_b69620-1b,1,69620.2,wye,7.19955785679463,25,1,0.0075,-1,0,1.1,0.9,32
mdv201_hn_2_846_b69620-1b,2,x_69620.2,wye,0.24,25,1,0.0075,-1,0,1.1,0.9,32
mdv201_hn_2_678_c62304-1c,1,62304.3,wye,7.19955785679463,37.5,1,0.006999999999999999,-1,0,1.1,0.9,32
mdv201_hn_2_678_c62304-1c,2,x_62304.3,wye,0.24,37.5,1,0.006999999999999999,-1,0,1.1,0.9,32
mdv201_hn_2_123_c28299-1c,1,28299.3,wye,7.19955785679463,25,1,0.0075,-1,0,1.1,0.9,32
mdv201_hn_2_123_c28299-1c,2,x_28299.3,wye,0.24,25,1,0.0075,-1,0,1.1,0.9,32
mdv201_hn_2_425_b813-1b,1,813.2,wye,7.19955785679463,37.5,1,0.006999999999999999,-1,0,1.1,0.9,32
mdv201_hn_2_425_b813-1b,2,x_813.2,wye,0.24,37.5,1,0.006999999999999999,-1,0,1.1,0.9,32
mdv201_da_8_276_b8195-1b,1,8195.2,wye,7.19955785679463,15,1,0.00825,-1,0,1.1,0.9,32
mdv201_da_8_276_b8195-1b,2,x_8195.2,wye,0.24,15,1,0.00825,-1,0,1.1,0.9,32
mdv201_da_8_226_b8207-1b,1,8207.2,wye,7.19955785679463,15,1,0.00825,-1,0,1.1,0.9,32
mdv201_da_8_226_b8207-1b,2,x_8207.2,wye,0.24,15,1,0.00825,-1,0,1.1,0.9,32
mdv201_hn_2_952_c8189-1c,1,8189.3,wye,7.19955785679463,25,1,0.0075,-1,0,1.1,0.9,32
mdv201_hn_2_952_c8189-1c,2,x_8189.3,wye,0.24,25,1,0.0075,-1,0,1.1,0.9,32
mdv201_hn_2_840_b52518-1b,1,52518.2,wye,7.19955785679463,25,1,0.0075,-1,0,1.1,0.9,32
mdv201_hn_2_840_b52518-1b,2,x_52518.2,wye,0.24,25,1,0.0075,-1,0,1.1,0.9,32
mdv201_hn_2_672_c62308-1c,1,62308.3,wye,7.19955785679463,25,1,0.0075,-1,0,1.1,0.9,32
mdv201_hn_2_672_c62308-1c,2,x_62308.3,wye,0.24,25,1,0.0075,-1,0,1.1,0.9,32
mdv201_hn_2_126_c63704-1c,1,63704.3,wye,7.19955785679463,37.5,1,0.006999999999999999,-1,0,1.1,0.9,32
mdv201_hn_2_126_c63704-1c,2,x_63704.3,wye,0.24,37.5,1,0.006999999999999999,-1,0,1.1,0.9,32
mdv201_da_8_719_abc67893-1c,1,67893.3,wye,7.19955785679463,25,1,0.0075,-1,0,1.1,0.9,32
mdv201_da_8_719_abc67893-1c,2,x_67893.3,wye,0.24,25,1,0.0075,-1,0,1.1,0.9,32
mdv201_hn_2_946_c8179-1c,1,8179.3,wye,7.19955785679463,25,1,0.0075,-1,0,1.1,0.9,32
mdv201_hn_2_946_c8179-1c,2,x_8179.3,wye,0.24,25,1,0.0075,-1,0,1.1,0.9,32
mdv201_hn_2_834_b39617-1b,1,39617.2,wye,7.19955785679463,25,1,0.0075,-1,0,1.1,0.9,32
mdv201_hn_2_834_b39617-1b,2,x_39617.2,wye,0.24,25,1,0.0075,-1,0,1.1,0.9,32
mdv201_hn_2_666_c62312-1c,1,62312.3,wye,7.19955785679463,50,1,0.006500000000000001,-1,0,1.1,0.9,32
mdv201_hn_2_666_c62312-1c,2,x_62312.3,wye,0.24,50,1,0.006500000000000001,-1,0,1.1,0.9,32
mdv201_hn_2_524_c858-1c,1,858.3,wye,7.19955785679463,25,1,0.0075,-1,0,1.1,0.9,32
mdv201_hn_2_524_c858-1c,2,x_858.3,wye,0.24,25,1,0.0075,-1,0,1.1,0.9,32
mdv201_hn_2_158_b14994-1b,1,14994.2,wye,7.19955785679463,25,1,0.0075,-1,0,1.1,0.9,32
mdv201_hn_2_158_b14994-1b,2,x_14994.2,wye,0.24,25,1,0.0075,-1,0,1.1,0.9,32
mdv201_hn_2_390_b63640-1b,1,63640.2,wye,7.19955785679463,37.5,1,0.006999999999999999,-1,0,1.1,0.9,32
mdv201_hn_2_390_b63640-1b,2,x_63640.2,wye,0.24,37.5,1,0.006999999999999999,-1,0,1.1,0.9,32
mdv201_da_8_281_b1023341-1b,1,1023341.2,wye,7.19955785679463,37.5,1,0.006999999999999999,-1,0,1.1,0.9,32
mdv201_da_8_281_b1023341-1b,2,x_1023341.2,wye,0.24,37.5,1,0.006999999999999999,-1,0,1.1,0.9,32
mdv201_hn_2_094_abc51012-1b,1,51012.2,wye,7.19955785679463,25,1,0.0075,-1,0,1.1,0.9,32
mdv201_hn_2_094_abc51012-1b,2,x_51012.2,wye,0.24,25,1,0.0075,-1,0,1.1,0.9,32
mdv201_hn_2_939_b14991-1b,1,14991.2,wye,7.19955785679463,37.5,1,0.006999999999999999,-1,0,1.1,0.9,32
mdv201_hn_2_939_b14991-1b,2,x_14991.2,wye,0.24,37.5,1,0.006999999999999999,-1,0,1.1,0.9,32
mdv201_hn_2_827_a14873-1a,1,14873.1,wye,7.19955785679463,25,1,0.0075,-1,0,1.1,0.9,32
mdv201_hn_2_827_a14873-1a,2,x_14873.1,wye,0.24,25,1,0.0075,-1,0,1.1,0.9,32
mdv201_hn_2_066_abc14832-1a,1,14832.1,wye,7.19955785679463,25,1,0.0075,-1,0,1.1,0.9,32
mdv201_hn_2_066_abc14832-1a,2,x_14832.1,wye,0.24,25,1,0.0075,-1,0,1.1,0.9,32
mdv201_hn_2_183_abc62261-1a,1,62261.1,wye,7.19955785679463,25,1,0.0075,-1,0,1.1,0.9,32
mdv201_hn_2_183_abc62261-1a,2,x_62261.1,wye,0.24,25,1,0.0075,-1,0,1.1,0.9,32
mdv201_hn_2_933_b6571-1b,1,6571.2,wye,7.19955785679463,25,1,0.0075,-1,0,1.1,0.9,32
mdv201_hn_2_933_b6571-1b,2,x_6571.2,wye,0.24,25,1,0.0075,-1,0,1.1,0.9,32
mdv201_hn_2_653_a14878-1a,1,14878.1,wye,7.19955785679463,37.5,1,0.006999999999999999,-1,0,1.1,0.9,32
mdv201_hn_2_653_a14878-1a,2,x_14878.1,wye,0.24,37.5,1,0.006999999999999999,-1,0,1.1,0.9,32
mdv201_hn_2_085_abc38388-1b,1,38388.2,wye,7.19955785679463,25,1,0.0075,-1,0,1.1,0.9,32
mdv201_hn_2_085_abc38388-1b,2,x_38388.2,wye,0.24,25,1,0.0075,-1,0,1.1,0.9,32
mdv201_hn_2_247_abc44582-1b,1,44582.2,wye,7.19955785679463,37.5,1,0.006999999999999999,-1,0,1.1,0.9,32
mdv201_hn_2_247_abc44582-1b,2,x_44582.2,wye,0.24,37.5,1,0.006999999999999999,-1,0,1.1,0.9,32
mdv201_da_8_695_b46387-1b,1,46387.2,wye,7.19955785679463,50,1,0.006500000000000001,-1,0,1.1,0.9,32
mdv201_da_8_695_b46387-1b,2,x_46387.2,wye,0.24,50,1,0.006500000000000001,-1,0,1.1,0.9,32
mdv201_da_8_218_b8204-1b,1,8204.2,wye,7.19955785679463,25,1,0.0075,-1,0,1.1,0.9,32
mdv201_da_8_218_b8204-1b,2,x_8204.2,wye,0.24,25,1,0.0075,-1,0,1.1,0.9,32
mdv201_hn_2_925_a28283-1a,1,28283.1,wye,7.19955785679463,25,1,0.0075,-1,0,1.1,0.9,32
mdv201_hn_2_925_a28283-1a,2,x_28283.1,wye,0.24,25,1,0.0075,-1,0,1.1,0.9,32
mdv201_hn_2_647_a28231-1a,1,28231.1,wye,7.19955785679463,25,1,0.0075,-1,0,1.1,0.9,32
mdv201_hn_2_647_a28231-1a,2,x_28231.1,wye,0.24,25,1,0.0075,-1,0,1.1,0.9,32
mdv201_hn_2_306_abc28286-1c,1,28286.3,wye,7.19955785679463,25,1,0.0075,-1,0,1.1,0.9,32
mdv201_hn_2_306_abc28286-1c,2,x_28286.3,wye,0.24,25,1,0.0075,-1,0,1.1,0.9,32
mdv201_hn_2_001_b14990-1b,1,14990.2,wye,7.19955785679463,25,1,0.0075,-1,0,1.1,0.9,32
mdv201_hn_2_001_b14990-1b,2,x_14990.2,wye,0.24,25,1,0.0075,-1,0,1.1,0.9,32
mdv201_8146elb-1a,1,8146.1,wye,7.19955785679463,37.5,1,0.006999999999999999,-1,0,1.1,0.9,32
mdv201_8146elb-1a,2,x_8146.1,wye,0.24,37.5,1,0.006999999999999999,-1,0,1.1,0.9,32
mdv201_hn_21011_b1144229-1b,1,1144229.2,wye,7.19955785679463,25,1,0.0075,-1,0,1.1,0.9,32
mdv201_hn_21011_b1144229-1b,2,x_1144229.2,wye,0.24,25,1,0.0075,-1,0,1.1,0.9,32
mdv201_hn_2_120_a28281-1a,1,28281.1,wye,7.19955785679463,50,1,0.006500000000000001,-1,0,1.1,0.9,32
mdv201_hn_2_120_a28281-1a,2,x_28281.1,wye,0.24,50,1,0.006500000000000001,-1,0,1.1,0.9,32
mdv201_da_8_918_a56770-1a,1,56770.1,wye,7.19955785679463,37.5,1,0.006999999999999999,-1,0,1.1,0.9,32
mdv201_da_8_918_a56770-1a,2,x_56770.1,wye,0.24,37.5,1,0.006999999999999999,-1,0,1.1,0.9,32
mdv201_8102elb-1a,1,8102.1,wye,7.19955785679463,37.5,1,0.006999999999999999,-1,0,1.1,0.9,32
mdv201_8102elb-1a,2,x_8102.1,wye,0.24,37.5,1,0.006999999999999999,-1,0,1.1,0.9,32
mdv201_8145elb-1a,1,8145.1,wye,7.19955785679463,37.5,1,0.006999999999999999,-1,0,1.1,0.9,32
mdv201_8145elb-1a,2,x_8145.1,wye,0.24,37.5,1,0.006999999999999999,-1,0,1.1,0.9,32
mdv201_hn_2_913_a15010-1a,1,15010.1,wye,7.19955785679463,25,1,0.0075,-1,0,1.1,0.9,32
mdv201_hn_2_913_a15010-1a,2,x_15010.1,wye,0.24,25,1,0.0075,-1,0,1.1,0.9,32
mdv201_hn_2_806_b39622-1b,1,39622.2,wye,7.19955785679463,37.5,1,0.006999999999999999,-1,0,1.1,0.9,32
mdv201_hn_2_806_b39622-1b,2,x_39622.2,wye,0.24,37.5,1,0.006999999999999999,-1,0,1.1,0.9,32
mdv201_hn_2_641_ac14893-1a,1,14893.1,wye,7.19955785679463,25,1,0.0075,-1,0,1.1,0.9,32
mdv201_hn_2_641_ac14893-1a,2,x_14893.1,wye,0.24,25,1,0.0075,-1,0,1.1,0.9,32
mdv201_hn_2_419_a827-1a,1,827.1,wye,7.19955785679463,25,1,0.0075,-1,0,1.1,0.9,32
mdv201_hn_2_419_a827-1a,2,x_827.1,wye,0.24,25,1,0.0075,-1,0,1.1,0.9,32
mdv201_hn_21026_b69647-1b,1,69647.2,wye,7.19955785679463,15,1,0.00825,-1,0,1.1,0.9,32
mdv201_hn_21026_b69647-1b,2,x_69647.2,wye,0.24,15,1,0.00825,-1,0,1.1,0.9,32
mdv201_hn_2_410_a819-1a,1,819.1,wye,7.19955785679463,25,1,0.0075,-1,0,1.1,0.9,32
mdv201_hn_2_410_a819-1a,2,x_819.1,wye,0.24,25,1,0.0075,-1,0,1.1,0.9,32
mdv201_da_8_869_c58437-1c,1,58437.3,wye,7.19955785679463,25,1,0.0075,-1,0,1.1,0.9,32
mdv201_da_8_869_c58437-1c,2,x_58437.3,wye,0.24,25,1,0.0075,-1,0,1.1,0.9,32
mdv201_da_8_507_abc6580-1a,1,6580.1,wye,7.19955785679463,25,1,0.0075,-1,0,1.1,0.9,32
mdv201_da_8_507_abc6580-1a,2,x_6580.1,wye,0.24,25,1,0.0075,-1,0,1.1,0.9,32
mdv201_c_1_159_a69461-1a,1,69461.1,wye,7.19955785679463,25,1,0.0075,-1,0,1.1,0.9,32
mdv201_c_1_159_a69461-1a,2,x_69461.1,wye,0.24,25,1,0.0075,-1,0,1.1,0.9,32
mdv201_hn_2_903_c28273-1c,1,28273.3,wye,7.19955785679463,37.5,1,0.006999999999999999,-1,0,1.1,0.9,32
mdv201_hn_2_903_c28273-1c,2,x_28273.3,wye,0.24,37.5,1,0.006999999999999999,-1,0,1.1,0.9,32
mdv201_hn_2_800_b850-1b,1,850.2,wye,7.19955785679463,37.5,1,0.006999999999999999,-1,0,1.1,0.9,32
mdv201_hn_2_800_b850-1b,2,x_850.2,wye,0.24,37.5,1,0.006999999999999999,-1,0,1.1,0.9,32
mdv201_hn_2_635_ac63666-1a,1,63666.1,wye,7.19955785679463,25,1,0.0075,-1,0,1.1,0.9,32
mdv201_hn_2_635_ac63666-1a,2,x_63666.1,wye,0.24,25,1,0.0075,-1,0,1.1,0.9,32
mdv201_hn_1_451_b52514-1b,1,52514.2,wye,7.19955785679463,37.5,1,0.006999999999999999,-1,0,1.1,0.9,32
mdv201_hn_1_451_b52514-1b,2,x_52514.2,wye,0.24,37.5,1,0.006999999999999999,-1,0,1.1,0.9,32
mdv201_da_8_919_a56782-1a,1,56782.1,wye,7.19955785679463,25,1,0.0075,-1,0,1.1,0.9,32
mdv201_da_8_919_a56782-1a,2,x_56782.1,wye,0.24,25,1,0.0075,-1,0,1.1,0.9,32
mdv201_hn_2_463_c62234-1c,1,62234.3,wye,7.19955785679463,37.5,1,0.006999999999999999,-1,0,1.1,0.9,32
mdv201_hn_2_463_c62234-1c,2,x_62234.3,wye,0.24,37.5,1,0.006999999999999999,-1,0,1.1,0.9,32
mdv201_da_8_053_a63763-1a,1,63763.1,wye,7.19955785679463,15,1,0.00825,-1,0,1.1,0.9,32
mdv201_da_8_053_a63763-1a,2,x_63763.1,wye,0.24,15,1,0.00825,-1,0,1.1,0.9,32
mdv201_hn_2_281_a8186-1a,1,8186.1,wye,7.19955785679463,15,1,0.00825,-1,0,1.1,0.9,32
mdv201_hn_2_281_a8186-1a,2,x_8186.1,wye,0.24,15,1,0.00825,-1,0,1.1,0.9,32
mdv201_hn_2_890_b52521-1b,1,52521.2,wye,7.19955785679463,37.5,1,0.006999999999999999,-1,0,1.1,0.9,32
mdv201_hn_2_890_b52521-1b,2,x_52521.2,wye,0.24,37.5,1,0.006999999999999999,-1,0,1.1,0.9,32
mdv201_hn_2_629_c28229-1c,1,28229.3,wye,7.19955785679463,37.5,1,0.006999999999999999,-1,0,1.1,0.9,32
mdv201_hn_2_629_c28229-1c,2,x_28229.3,wye,0.24,37.5,1,0.006999999999999999,-1,0,1.1,0.9,32
mdv201_hn_2_078_c28275-1c,1,28275.3,wye,7.19955785679463,37.5,1,0.006999999999999999,-1,0,1.1,0.9,32
mdv201_hn_2_078_c28275-1c,2,x_28275.3,wye,0.24,37.5,1,0.006999999999999999,-1,0,1.1,0.9,32
mdv201_hn_2_351_abc69616-1a,1,69616.1,wye,7.19955785679463,25,1,0.0075,-1,0,1.1,0.9,32
mdv201_hn_2_351_abc69616-1a,2,x_69616.1,wye,0.24,25,1,0.0075,-1,0,1.1,0.9,32
mdv201_hn_2_026_a39597-1a,1,39597.1,wye,7.19955785679463,25,1,0.0075,-1,0,1.1,0.9,32
mdv201_hn_2_026_a39597-1a,2,x_39597.1,wye,0.24,25,1,0.0075,-1,0,1.1,0.9,32
mdv201_da_8_678_a56764-1a,1,56764.1,wye,7.19955785679463,37.5,1,0.006999999999999999,-1,0,1.1,0.9,32
mdv201_da_8_678_a56764-1a,2,x_56764.1,wye,0.24,37.5,1,0.006999999999999999,-1,0,1.1,0.9,32
mdv201_da_8_923_a56785-1a,1,56785.1,wye,7.19955785679463,25,1,0.0075,-1,0,1.1,0.9,32
mdv201_da_8_923_a56785-1a,2,x_56785.1,wye,0.24,25,1,0.0075,-1,0,1.1,0.9,32
mdv201_hn_21038_ab28191-1a,1,28191.1,wye,7.19955785679463,10,1,0.008500000000000001,-1,0,1.1,0.9,32
mdv201_hn_21038_ab28191-1a,2,x_28191.1,wye,0.24,10,1,0.008500000000000001,-1,0,1.1,0.9,32
mdv201_hn_21038_ab28191-1b,1,28191.2,wye,7.19955785679463,15,1,0.00825,-1,0,1.1,0.9,32
mdv201_hn_21038_ab28191-1b,2,x_28191.2,wye,0.24,15,1,0.00825,-1,0,1.1,0.9,32
mdv201_da_8_149_abc56778-1a,1,56778.1,wye,7.19955785679463,15,1,0.00825,-1,0,1.1,0.9,32
mdv201_da_8_149_abc56778-1a,2,x_56778.1,wye,0.24,15,1,0.00825,-1,0,1.1,0.9,32
mdv201_hn_2_875_c63670-1c,1,63670.3,wye,7.19955785679463,25,1,0.0075,-1,0,1.1,0.9,32
mdv201_hn_2_875_c63670-1c,2,x_63670.3,wye,0.24,25,1,0.0075,-1,0,1.1,0.9,32
mdv201_hn_2_623_c14865-1c,1,14865.3,wye,7.19955785679463,25,1,0.0075,-1,0,1.1,0.9,32
mdv201_hn_2_623_c14865-1c,2,x_14865.3,wye,0.24,25,1,0.0075,-1,0,1.1,0.9,32
mdv201_hn_2_216_c44581-1c,1,44581.3,wye,7.19955785679463,25,1,0.0075,-1,0,1.1,0.9,32
mdv201_hn_2_216_c44581-1c,2,x_44581.3,wye,0.24,25,1,0.0075,-1,0,1.1,0.9,32
mdv201_hn_2_434_abc63645-1b,1,63645.2,wye,7.19955785679463,25,1,0.0075,-1,0,1.1,0.9,32
mdv201_hn_2_434_abc63645-1b,2,x_63645.2,wye,0.24,25,1,0.0075,-1,0,1.1,0.9,32
mdv201_hn_2_166_c33824-1c,1,33824.3,wye,7.19955785679463,25,1,0.0075,-1,0,1.1,0.9,32
mdv201_hn_2_166_c33824-1c,2,x_33824.3,wye,0.24,25,1,0.0075,-1,0,1.1,0.9,32
mdv201_hn_2_101_abc69487-1a,1,69487.1,wye,7.19955785679463,37.5,1,0.006999999999999999,-1,0,1.1,0.9,32
mdv201_hn_2_101_abc69487-1a,2,x_69487.1,wye,0.24,37.5,1,0.006999999999999999,-1,0,1.1,0.9,32
mdv201_c_1_391_a8120-1a,1,8120.1,wye,7.19955785679463,50,1,0.006500000000000001,-1,0,1.1,0.9,32
mdv201_c_1_391_a8120-1a,2,x_8120.1,wye,0.24,50,1,0.006500000000000001,-1,0,1.1,0.9,32
mdv201_hn_2_869_c830-1c,1,830.3,wye,7.19955785679463,25,1,0.0075,-1,0,1.1,0.9,32
mdv201_hn_2_869_c830-1c,2,x_830.3,wye,0.24,25,1,0.0075,-1,0,1.1,0.9,32
mdv201_hn_2_721_c14850-1c,1,14850.3,wye,7.19955785679463,37.5,1,0.006999999999999999,-1,0,1.1,0.9,32
mdv201_hn_2_721_c14850-1c,2,x_14850.3,wye,0.24,37.5,1,0.006999999999999999,-1,0,1.1,0.9,32
mdv201_hn_2_140_abc8124-1c,1,8124.3,wye,7.19955785679463,15,1,0.00825,-1,0,1.1,0.9,32
mdv201_hn_2_140_abc8124-1c,2,x_8124.3,wye,0.24,15,1,0.00825,-1,0,1.1,0.9,32
mdv201_hn_2_540_c8108-1c,1,8108.3,wye,7.19955785679463,37.5,1,0.006999999999999999,-1,0,1.1,0.9,32
mdv201_hn_2_540_c8108-1c,2,x_8108.3,wye,0.24,37.5,1,0.006999999999999999,-1,0,1.1,0.9,32
mdv201_hn_2_421_a808-1a,1,808.1,wye,7.19955785679463,25,1,0.0075,-1,0,1.1,0.9,32
mdv201_hn_2_421_a808-1a,2,x_808.1,wye,0.24,25,1,0.0075,-1,0,1.1,0.9,32
mdv201_hn_2_088_abc8164-1c,1,8164.3,wye,7.19955785679463,37.5,1,0.006999999999999999,-1,0,1.1,0.9,32
mdv201_hn_2_088_abc8164-1c,2,x_8164.3,wye,0.24,37.5,1,0.006999999999999999,-1,0,1.1,0.9,32
mdv201_hn_2_860_b39603-1b,1,39603.2,wye,7.19955785679463,25,1,0.0075,-1,0,1.1,0.9,32
mdv201_hn_2_860_b39603-1b,2,x_39603.2,wye,0.24,25,1,0.0075,-1,0,1.1,0.9,32
mdv201_hn_2_713_a63679-1a,1,63679.1,wye,7.19955785679463,25,1,0.0075,-1,0,1.1,0.9,32
mdv201_hn_2_713_a63679-1a,2,x_63679.1,wye,0.24,25,1,0.0075,-1,0,1.1,0.9,32
mdv201_hn_2_428_b812-1b,1,812.2,wye,7.19955785679463,37.5,1,0.006999999999999999,-1,0,1.1,0.9,32
mdv201_hn_2_428_b812-1b,2,x_812.2,wye,0.24,37.5,1,0.006999999999999999,-1,0,1.1,0.9,32
mdv201_da_8_692_b88660-1b,1,88660.2,wye,7.19955785679463,50,1,0.006500000000000001,-1,0,1.1,0.9,32
mdv201_da_8_692_b88660-1b,2,x_88660.2,wye,0.24,50,1,0.006500000000000001,-1,0,1.1,0.9,32
mdv201_hn_2_167_c14979-1c,1,14979.3,wye,7.19955785679463,25,1,0.0075,-1,0,1.1,0.9,32
mdv201_hn_2_167_c14979-1c,2,x_14979.3,wye,0.24,25,1,0.0075,-1,0,1.1,0.9,32
mdv201_da_8_674_a6597-1a,1,6597.1,wye,7.19955785679463,25,1,0.0075,-1,0,1.1,0.9,32
mdv201_da_8_674_a6597-1a,2,x_6597.1,wye,0.24,25,1,0.0075,-1,0,1.1,0.9,32
mdv201_hn_2_969_a63709-1a,1,63709.1,wye,7.19955785679463,25,1,0.0075,-1,0,1.1,0.9,32
mdv201_hn_2_969_a63709-1a,2,x_63709.1,wye,0.24,25,1,0.0075,-1,0,1.1,0.9,32
mdv201_hn_2_853_b39587-1b,1,39587.2,wye,7.19955785679463,25,1,0.0075,-1,0,1.1,0.9,32
mdv201_hn_2_853_b39587-1b,2,x_39587.2,wye,0.24,25,1,0.0075,-1,0,1.1,0.9,32
mdv201_hn_2_707_c52530-1c,1,52530.3,wye,7.19955785679463,25,1,0.0075,-1,0,1.1,0.9,32
mdv201_hn_2_707_c52530-1c,2,x_52530.3,wye,0.24,25,1,0.0075,-1,0,1.1,0.9,32
mdv201_hn_2_151_c14833-1c,1,14833.3,wye,7.19955785679463,25,1,0.0075,-1,0,1.1,0.9,32
mdv201_hn_2_151_c14833-1c,2,x_14833.3,wye,0.24,25,1,0.0075,-1,0,1.1,0.9,32
mdv201_hn_2_409_a820-1a,1,820.1,wye,7.19955785679463,25,1,0.0075,-1,0,1.1,0.9,32
mdv201_hn_2_409_a820-1a,2,x_820.1,wye,0.24,25,1,0.0075,-1,0,1.1,0.9,32
mdv201_da_8_732_c74453-1c,1,74453.3,wye,7.19955785679463,37.5,1,0.006999999999999999,-1,0,1.1,0.9,32
mdv201_da_8_732_c74453-1c,2,x_74453.3,wye,0.24,37.5,1,0.006999999999999999,-1,0,1.1,0.9,32
mdv201_hn_2_847_b14853-1b,1,14853.2,wye,7.19955785679463,25,1,0.0075,-1,0,1.1,0.9,32
mdv201_hn_2_847_b14853-1b,2,x_14853.2,wye,0.24,25,1,0.0075,-1,0,1.1,0.9,32
mdv201_hn_2_681_a28225-1a,1,28225.1,wye,7.19955785679463,37.5,1,0.006999999999999999,-1,0,1.1,0.9,32
mdv201_hn_2_681_a28225-1a,2,x_28225.1,wye,0.24,37.5,1,0.006999999999999999,-1,0,1.1,0.9,32
mdv201_hn_2_108_a39577-1a,1,39577.1,wye,7.19955785679463,25,1,0.0075,-1,0,1.1,0.9,32
mdv201_hn_2_108_a39577-1a,2,x_39577.1,wye,0.24,25,1,0.0075,-1,0,1.1,0.9,32
mdv201_hn_2_539_c8098-1c,1,8098.3,wye,7.19955785679463,37.5,1,0.006999999999999999,-1,0,1.1,0.9,32
mdv201_hn_2_539_c8098-1c,2,x_8098.3,wye,0.24,37.5,1,0.006999999999999999,-1,0,1.1,0.9,32
mdv201_hn_2_418_a835-1a,1,835.1,wye,7.19955785679463,25,1,0.0075,-1,0,1.1,0.9,32
mdv201_hn_2_418_a835-1a,2,x_835.1,wye,0.24,25,1,0.0075,-1,0,1.1,0.9,32
mdv201_da_8_810_c58435-1c,1,58435.3,wye,7.19955785679463,25,1,0.0075,-1,0,1.1,0.9,32
mdv201_da_8_810_c58435-1c,2,x_58435.3,wye,0.24,25,1,0.0075,-1,0,1.1,0.9,32
mdv201_hn_2_072_a8187-1a,1,8187.1,wye,7.19955785679463,15,1,0.00825,-1,0,1.1,0.9,32
mdv201_hn_2_072_a8187-1a,2,x_8187.1,wye,0.24,15,1,0.00825,-1,0,1.1,0.9,32
mdv201_c_1_410_a8131-1a,1,8131.1,wye,7.19955785679463,25,1,0.0075,-1,0,1.1,0.9,32
mdv201_c_1_410_a8131-1a,2,x_8131.1,wye,0.24,25,1,0.0075,-1,0,1.1,0.9,32
mdv201_hn_2_953_b14996-1b,1,14996.2,wye,7.19955785679463,25,1,0.0075,-1,0,1.1,0.9,32
mdv201_hn_2_953_b14996-1b,2,x_14996.2,wye,0.24,25,1,0.0075,-1,0,1.1,0.9,32
mdv201_hn_2_841_b94728-1b,1,94728.2,wye,7.19955785679463,37.5,1,0.006999999999999999,-1,0,1.1,0.9,32
mdv201_hn_2_841_b94728-1b,2,x_94728.2,wye,0.24,37.5,1,0.006999999999999999,-1,0,1.1,0.9,32
mdv201_hn_2_673_c62309-1c,1,62309.3,wye,7.19955785679463,25,1,0.0075,-1,0,1.1,0.9,32
mdv201_hn_2_673_c62309-1c,2,x_62309.3,wye,0.24,25,1,0.0075,-1,0,1.1,0.9,32
mdv201_hn_2_218_b8161-1b,1,8161.2,wye,7.19955785679463,25,1,0.0075,-1,0,1.1,0.9,32
mdv201_hn_2_218_b8161-1b,2,x_8161.2,wye,0.24,25,1,0.0075,-1,0,1.1,0.9,32
mdv201_hn_1_332_c28263-1c,1,28263.3,wye,7.19955785679463,15,1,0.00825,-1,0,1.1,0.9,32
mdv201_hn_1_332_c28263-1c,2,x_28263.3,wye,0.24,15,1,0.00825,-1,0,1.1,0.9,32
mdv201_da_8_159_abc58426-1c,1,58426.3,wye,7.19955785679463,25,1,0.0075,-1,0,1.1,0.9,32
mdv201_da_8_159_abc58426-1c,2,x_58426.3,wye,0.24,25,1,0.0075,-1,0,1.1,0.9,32
mdv201_hn_2_226_abc822-1b,1,822.2,wye,7.19955785679463,25,1,0.0075,-1,0,1.1,0.9,32
mdv201_hn_2_226_abc822-1b,2,x_822.2,wye,0.24,25,1,0.0075,-1,0,1.1,0.9,32
mdv201_da_8_215_b1017348-1b,1,1017348.2,wye,7.19955785679463,25,1,0.0075,-1,0,1.1,0.9,32
mdv201_da_8_215_b1017348-1b,2,x_1017348.2,wye,0.24,25,1,0.0075,-1,0,1.1,0.9,32
mdv201_hn_2_947_c8175-1c,1,8175.3,wye,7.19955785679463,25,1,0.0075,-1,0,1.1,0.9,32
mdv201_hn_2_947_c8175-1c,2,x_8175.3,wye,0.24,25,1,0.0075,-1,0,1.1,0.9,32
mdv201_hn_2_835_b39615-1b,1,39615.2,wye,7.19955785679463,25,1,0.0075,-1,0,1.1,0.9,32
mdv201_hn_2_835_b39615-1b,2,x_39615.2,wye,0.24,25,1,0.0075,-1,0,1.1,0.9,32
mdv201_hn_2_667_c89812-1c,1,89812.3,wye,7.19955785679463,25,1,0.0075,-1,0,1.1,0.9,32
mdv201_hn_2_667_c89812-1c,2,x_89812.3,wye,0.24,25,1,0.0075,-1,0,1.1,0.9,32
mdv201_hn_1_307_a89825-1a,1,89825.1,wye,7.19955785679463,25,1,0.0075,-1,0,1.1,0.9,32
mdv201_hn_1_307_a89825-1a,2,x_89825.1,wye,0.24,25,1,0.0075,-1,0,1.1,0.9,32
mdv201_hn_2_246_b39602-1b,1,39602.2,wye,7.19955785679463,25,1,0.0075,-1,0,1.1,0.9,32
mdv201_hn_2_246_b39602-1b,2,x_39602.2,wye,0.24,25,1,0.0075,-1,0,1.1,0.9,32
mdv201_hn_2_084_b38389-1b,1,38389.2,wye,7.19955785679463,25,1,0.0075,-1,0,1.1,0.9,32
mdv201_hn_2_084_b38389-1b,2,x_38389.2,wye,0.24,25,1,0.0075,-1,0,1.1,0.9,32
mdv201_da_8_679_a56772-1a,1,56772.1,wye,7.19955785679463,25,1,0.0075,-1,0,1.1,0.9,32
mdv201_da_8_679_a56772-1a,2,x_56772.1,wye,0.24,25,1,0.0075,-1,0,1.1,0.9,32
mdv201_hn_1_333_c1012409-1c,1,1012409.3,wye,7.19955785679463,37.5,1,0.006999999999999999,-1,0,1.1,0.9,32
mdv201_hn_1_333_c1012409-1c,2,x_1012409.3,wye,0.24,37.5,1,0.006999999999999999,-1,0,1.1,0.9,32
mdv201_c_1_390_a8122-1a,1,8122.1,wye,7.19955785679463,25,1,0.0075,-1,0,1.1,0.9,32
mdv201_c_1_390_a8122-1a,2,x_8122.1,wye,0.24,25,1,0.0075,-1,0,1.1,0.9,32
mdv201_hn_21090_abc1011952-1a,1,1011952.1,wye,7.19955785679463,37.5,1,0.006999999999999999,-1,0,1.1,0.9,32
mdv201_hn_21090_abc1011952-1a,2,x_1011952.1,wye,0.24,37.5,1,0.006999999999999999,-1,0,1.1,0.9,32
mdv201_hn_21090_abc1011952-1b,1,1011952.2,wye,7.19955785679463,37.5,1,0.006999999999999999,-1,0,1.1,0.9,32
mdv201_hn_21090_abc1011952-1b,2,x_1011952.2,wye,0.24,37.5,1,0.006999999999999999,-1,0,1.1,0.9,32
mdv201_hn_21090_abc1011952-1c,1,1011952.3,wye,7.19955785679463,37.5,1,0.006999999999999999,-1,0,1.1,0.9,32
mdv201_hn_21090_abc1011952-1c,2,x_1011952.3,wye,0.24,37.5,1,0.006999999999999999,-1,0,1.1,0.9,32
mdv201_hn_2_940_b39775-1b,1,39775.2,wye,7.19955785679463,25,1,0.0075,-1,0,1.1,0.9,32
mdv201_hn_2_940_b39775-1b,2,x_39775.2,wye,0.24,25,1,0.0075,-1,0,1.1,0.9,32
mdv201_hn_2_660_c62246-1c,1,62246.3,wye,7.19955785679463,25,1,0.0075,-1,0,1.1,0.9,32
mdv201_hn_2_660_c62246-1c,2,x_62246.3,wye,0.24,25,1,0.0075,-1,0,1.1,0.9,32
mdv201_hn_2_525_c859-1c,1,859.3,wye,7.19955785679463,25,1,0.0075,-1,0,1.1,0.9,32
mdv201_hn_2_525_c859-1c,2,x_859.3,wye,0.24,25,1,0.0075,-1,0,1.1,0.9,32
mdv201_hn_1_238_a39569-1a,1,39569.1,wye,7.19955785679463,25,1,0.0075,-1,0,1.1,0.9,32
mdv201_hn_1_238_a39569-1a,2,x_39569.1,wye,0.24,25,1,0.0075,-1,0,1.1,0.9,32
mdv201_hn_1_177_c69626-1c,1,69626.3,wye,7.19955785679463,25,1,0.0075,-1,0,1.1,0.9,32
mdv201_hn_1_177_c69626-1c,2,x_69626.3,wye,0.24,25,1,0.0075,-1,0,1.1,0.9,32
mdv201_da_8_920_a56783-1a,1,56783.1,wye,7.19955785679463,37.5,1,0.006999999999999999,-1,0,1.1,0.9,32
mdv201_da_8_920_a56783-1a,2,x_56783.1,wye,0.24,37.5,1,0.006999999999999999,-1,0,1.1,0.9,32
mdv201_hn_2_490_c8110-1c,1,8110.3,wye,7.19955785679463,25,1,0.0075,-1,0,1.1,0.9,32
mdv201_hn_2_490_c8110-1c,2,x_8110.3,wye,0.24,25,1,0.0075,-1,0,1.1,0.9,32
mdv201_hn_2_934_b15006-1b,1,15006.2,wye,7.19955785679463,25,1,0.0075,-1,0,1.1,0.9,32
mdv201_hn_2_934_b15006-1b,2,x_15006.2,wye,0.24,25,1,0.0075,-1,0,1.1,0.9,32
mdv201_hn_2_819_abc8177-1a,1,8177.1,wye,7.19955785679463,25,1,0.0075,-1,0,1.1,0.9,32
mdv201_hn_2_819_abc8177-1a,2,x_8177.1,wye,0.24,25,1,0.0075,-1,0,1.1,0.9,32
mdv201_hn_2_654_a14881-1a,1,14881.1,wye,7.19955785679463,25,1,0.0075,-1,0,1.1,0.9,32
mdv201_hn_2_654_a14881-1a,2,x_14881.1,wye,0.24,25,1,0.0075,-1,0,1.1,0.9,32
mdv201_hn_2_436_abc63639-1b,1,63639.2,wye,7.19955785679463,25,1,0.0075,-1,0,1.1,0.9,32
mdv201_hn_2_436_abc63639-1b,2,x_63639.2,wye,0.24,25,1,0.0075,-1,0,1.1,0.9,32
mdv201_15005elb-1b,1,15005.2,wye,7.19955785679463,37.5,1,0.006999999999999999,-1,0,1.1,0.9,32
mdv201_15005elb-1b,2,x_15005.2,wye,0.24,37.5,1,0.006999999999999999,-1,0,1.1,0.9,32
mdv201_da_8_727_c39744-1c,1,39744.3,wye,7.19955785679463,25,1,0.0075,-1,0,1.1,0.9,32
mdv201_da_8_727_c39744-1c,2,x_39744.3,wye,0.24,25,1,0.0075,-1,0,1.1,0.9,32
mdv201_da_8_925_a56787-1a,1,56787.1,wye,7.19955785679463,37.5,1,0.006999999999999999,-1,0,1.1,0.9,32
mdv201_da_8_925_a56787-1a,2,x_56787.1,wye,0.24,37.5,1,0.006999999999999999,-1,0,1.1,0.9,32
mdv201_hn_2_648_a28250-1a,1,28250.1,wye,7.19955785679463,25,1,0.0075,-1,0,1.1,0.9,32
mdv201_hn_2_648_a28250-1a,2,x_28250.1,wye,0.24,25,1,0.0075,-1,0,1.1,0.9,32
mdv201_hn_2_438_c14847-1c,1,14847.3,wye,7.19955785679463,25,1,0.0075,-1,0,1.1,0.9,32
mdv201_hn_2_438_c14847-1c,2,x_14847.3,wye,0.24,25,1,0.0075,-1,0,1.1,0.9,32
mdv201_hn_2_411_a828-1a,1,828.1,wye,7.19955785679463,25,1,0.0075,-1,0,1.1,0.9,32
mdv201_hn_2_411_a828-1a,2,x_828.1,wye,0.24,25,1,0.0075,-1,0,1.1,0.9,32
mdv201_da_8_234_abc56762-1c,1,56762.3,wye,7.19955785679463,25,1,0.0075,-1,0,1.1,0.9,32
mdv201_da_8_234_abc56762-1c,2,x_56762.3,wye,0.24,25,1,0.0075,-1,0,1.1,0.9,32
mdv201_hn_2_091_abc44583-1c,1,44583.3,wye,7.19955785679463,25,1,0.0075,-1,0,1.1,0.9,32
mdv201_hn_2_091_abc44583-1c,2,x_44583.3,wye,0.24,25,1,0.0075,-1,0,1.1,0.9,32
mdv201_c_1_388_a8106-1a,1,8106.1,wye,7.19955785679463,37.5,1,0.006999999999999999,-1,0,1.1,0.9,32
mdv201_c_1_388_a8106-1a,2,x_8106.1,wye,0.24,37.5,1,0.006999999999999999,-1,0,1.1,0.9,32
mdv201_da_8_492_abc74428-1b,1,74428.2,wye,7.19955785679463,15,1,0.00825,-1,0,1.1,0.9,32
mdv201_da_8_492_abc74428-1b,2,x_74428.2,wye,0.24,15,1,0.00825,-1,0,1.1,0.9,32
mdv201_hn_2_915_abc39576-1b,1,39576.2,wye,7.19955785679463,25,1,0.0075,-1,0,1.1,0.9,32
mdv201_hn_2_915_abc39576-1b,2,x_39576.2,wye,0.24,25,1,0.0075,-1,0,1.1,0.9,32
mdv201_hn_2_807_b39621-1b,1,39621.2,wye,7.19955785679463,25,1,0.0075,-1,0,1.1,0.9,32
mdv201_hn_2_807_b39621-1b,2,x_39621.2,wye,0.24,25,1,0.0075,-1,0,1.1,0.9,32
mdv201_hn_2_642_a14894-1a,1,14894.1,wye,7.19955785679463,25,1,0.0075,-1,0,1.1,0.9,32
mdv201_hn_2_642_a14894-1a,2,x_14894.1,wye,0.24,25,1,0.0075,-1,0,1.1,0.9,32
mdv201_hn_2_248_abc44584-1c,1,44584.3,wye,7.19955785679463,37.5,1,0.006999999999999999,-1,0,1.1,0.9,32
mdv201_hn_2_248_abc44584-1c,2,x_44584.3,wye,0.24,37.5,1,0.006999999999999999,-1,0,1.1,0.9,32
mdv201_hn_2_543_a852-1a,1,852.1,wye,7.19955785679463,50,1,0.006500000000000001,-1,0,1.1,0.9,32
mdv201_hn_2_543_a852-1a,2,x_852.1,wye,0.24,50,1,0.006500000000000001,-1,0,1.1,0.9,32
mdv201_hn_2_460_c62258-1c,1,62258.3,wye,7.19955785679463,37.5,1,0.006999999999999999,-1,0,1.1,0.9,32
mdv201_hn_2_460_c62258-1c,2,x_62258.3,wye,0.24,37.5,1,0.006999999999999999,-1,0,1.1,0.9,32
mdv201_da_8_693_b88665-1b,1,88665.2,wye,7.19955785679463,37.5,1,0.006999999999999999,-1,0,1.1,0.9,32
mdv201_da_8_693_b88665-1b,2,x_88665.2,wye,0.24,37.5,1,0.006999999999999999,-1,0,1.1,0.9,32
mdv201_39755elb-1b,1,39755.2,wye,7.19955785679463,37.5,1,0.006999999999999999,-1,0,1.1,0.9,32
mdv201_39755elb-1b,2,x_39755.2,wye,0.24,37.5,1,0.006999999999999999,-1,0,1.1,0.9,32
mdv201_hn_2_801_b840-1b,1,840.2,wye,7.19955785679463,37.5,1,0.006999999999999999,-1,0,1.1,0.9,32
mdv201_hn_2_801_b840-1b,2,x_840.2,wye,0.24,37.5,1,0.006999999999999999,-1,0,1.1,0.9,32
mdv201_hn_2_310_a39613-1a,1,39613.1,wye,7.19955785679463,15,1,0.00825,-1,0,1.1,0.9,32
mdv201_hn_2_310_a39613-1a,2,x_39613.1,wye,0.24,15,1,0.00825,-1,0,1.1,0.9,32
mdv201_hn_2_613_abc63682-1a,1,63682.1,wye,7.19955785679463,25,1,0.0075,-1,0,1.1,0.9,32
mdv201_hn_2_613_abc63682-1a,2,x_63682.1,wye,0.24,25,1,0.0075,-1,0,1.1,0.9,32
mdv201_795elb-1a,1,795.1,wye,7.19955785679463,75,1,0.006,-1,0,1.1,0.9,32
mdv201_795elb-1a,2,x_795.1,wye,0.24,75,1,0.006,-1,0,1.1,0.9,32
mdv201_c_1_404_a8139-1a,1,8139.1,wye,7.19955785679463,25,1,0.0075,-1,0,1.1,0.9,32
mdv201_c_1_404_a8139-1a,2,x_8139.1,wye,0.24,25,1,0.0075,-1,0,1.1,0.9,32
mdv201_hn_2_891_b52522-1b,1,52522.2,wye,7.19955785679463,25,1,0.0075,-1,0,1.1,0.9,32
mdv201_hn_2_891_b52522-1b,2,x_52522.2,wye,0.24,25,1,0.0075,-1,0,1.1,0.9,32
mdv201_hn_2_630_c28228-1c,1,28228.3,wye,7.19955785679463,25,1,0.0075,-1,0,1.1,0.9,32
mdv201_hn_2_630_c28228-1c,2,x_28228.3,wye,0.24,25,1,0.0075,-1,0,1.1,0.9,32
mdv201_hn_2_160_b6573-1b,1,6573.2,wye,7.19955785679463,15,1,0.00825,-1,0,1.1,0.9,32
mdv201_hn_2_160_b6573-1b,2,x_6573.2,wye,0.24,15,1,0.00825,-1,0,1.1,0.9,32
mdv201_hn_2_416_a844-1a,1,844.1,wye,7.19955785679463,25,1,0.0075,-1,0,1.1,0.9,32
mdv201_hn_2_416_a844-1a,2,x_844.1,wye,0.24,25,1,0.0075,-1,0,1.1,0.9,32
mdv201_6568elb-1b,1,6568.2,wye,7.19955785679463,37.5,1,0.006999999999999999,-1,0,1.1,0.9,32
mdv201_6568elb-1b,2,x_6568.2,wye,0.24,37.5,1,0.006999999999999999,-1,0,1.1,0.9,32
mdv201_c_1_408_a8137-1a,1,8137.1,wye,7.19955785679463,25,1,0.0075,-1,0,1.1,0.9,32
mdv201_c_1_408_a8137-1a,2,x_8137.1,wye,0.24,25,1,0.0075,-1,0,1.1,0.9,32
mdv201_hn_2_876_c63671-1c,1,63671.3,wye,7.19955785679463,25,1,0.0075,-1,0,1.1,0.9,32
mdv201_hn_2_876_c63671-1c,2,x_63671.3,wye,0.24,25,1,0.0075,-1,0,1.1,0.9,32
mdv201_hn_2_731_b14852-1b,1,14852.2,wye,7.19955785679463,25,1,0.0075,-1,0,1.1,0.9,32
mdv201_hn_2_731_b14852-1b,2,x_14852.2,wye,0.24,25,1,0.0075,-1,0,1.1,0.9,32
mdv201_hn_2_624_c14866-1c,1,14866.3,wye,7.19955785679463,25,1,0.0075,-1,0,1.1,0.9,32
mdv201_hn_2_624_c14866-1c,2,x_14866.3,wye,0.24,25,1,0.0075,-1,0,1.1,0.9,32
mdv201_hn_2_604_a28213-1a,1,28213.1,wye,7.19955785679463,25,1,0.0075,-1,0,1.1,0.9,32
mdv201_hn_2_604_a28213-1a,2,x_28213.1,wye,0.24,25,1,0.0075,-1,0,1.1,0.9,32
mdv201_hn_2_303_a1144255-1a,1,1144255.1,wye,7.19955785679463,10,1,0.008500000000000001,-1,0,1.1,0.9,32
mdv201_hn_2_303_a1144255-1a,2,x_1144255.1,wye,0.24,10,1,0.008500000000000001,-1,0,1.1,0.9,32
mdv201_8088elb-1a,1,8088.1,wye,7.19955785679463,37.5,1,0.006999999999999999,-1,0,1.1,0.9,32
mdv201_8088elb-1a,2,x_8088.1,wye,0.24,37.5,1,0.006999999999999999,-1,0,1.1,0.9,32
mdv201_hn_2_186_abc15011-1a,1,15011.1,wye,7.19955785679463,37.5,1,0.006999999999999999,-1,0,1.1,0.9,32
mdv201_hn_2_186_abc15011-1a,2,x_15011.1,wye,0.24,37.5,1,0.006999999999999999,-1,0,1.1,0.9,32
mdv201_hn_2_542_a851-1a,1,851.1,wye,7.19955785679463,37.5,1,0.006999999999999999,-1,0,1.1,0.9,32
mdv201_hn_2_542_a851-1a,2,x_851.1,wye,0.24,37.5,1,0.006999999999999999,-1,0,1.1,0.9,32
mdv201_102186fuse-1c,1,102186.3,wye,7.19955785679463,37.5,1,0.006999999999999999,-1,0,1.1,0.9,32
mdv201_102186fuse-1c,2,x_102186.3,wye,0.24,37.5,1,0.006999999999999999,-1,0,1.1,0.9,32
mdv201_8107elb-1a,1,8107.1,wye,7.19955785679463,25,1,0.0075,-1,0,1.1,0.9,32
mdv201_8107elb-1a,2,x_8107.1,wye,0.24,25,1,0.0075,-1,0,1.1,0.9,32
mdv201_hn_2_870_c831-1c,1,831.3,wye,7.19955785679463,25,1,0.0075,-1,0,1.1,0.9,32
mdv201_hn_2_870_c831-1c,2,x_831.3,wye,0.24,25,1,0.0075,-1,0,1.1,0.9,32
mdv201_hn_2_722_c52525-1c,1,52525.3,wye,7.19955785679463,25,1,0.0075,-1,0,1.1,0.9,32
mdv201_hn_2_722_c52525-1c,2,x_52525.3,wye,0.24,25,1,0.0075,-1,0,1.1,0.9,32
mdv201_hn_2_618_abc28220-1a,1,28220.1,wye,7.19955785679463,25,1,0.0075,-1,0,1.1,0.9,32
mdv201_hn_2_618_abc28220-1a,2,x_28220.1,wye,0.24,25,1,0.0075,-1,0,1.1,0.9,32
mdv201_hn_2_086_abc8167-1b,1,8167.2,wye,7.19955785679463,37.5,1,0.006999999999999999,-1,0,1.1,0.9,32
mdv201_hn_2_086_abc8167-1b,2,x_8167.2,wye,0.24,37.5,1,0.006999999999999999,-1,0,1.1,0.9,32
mdv201_hn_2_002_b15002-1b,1,15002.2,wye,7.19955785679463,15,1,0.00825,-1,0,1.1,0.9,32
mdv201_hn_2_002_b15002-1b,2,x_15002.2,wye,0.24,15,1,0.00825,-1,0,1.1,0.9,32
mdv201_da_8_216_b1017349-1b,1,1017349.2,wye,7.19955785679463,15,1,0.00825,-1,0,1.1,0.9,32
mdv201_da_8_216_b1017349-1b,2,x_1017349.2,wye,0.24,15,1,0.00825,-1,0,1.1,0.9,32
mdv201_hn_2_117_abc28284-1c,1,28284.3,wye,7.19955785679463,25,1,0.0075,-1,0,1.1,0.9,32
mdv201_hn_2_117_abc28284-1c,2,x_28284.3,wye,0.24,25,1,0.0075,-1,0,1.1,0.9,32
mdv201_da_8_677_a56760-1a,1,56760.1,wye,7.19955785679463,25,1,0.0075,-1,0,1.1,0.9,32
mdv201_da_8_677_a56760-1a,2,x_56760.1,wye,0.24,25,1,0.0075,-1,0,1.1,0.9,32
mdv201_hn_2_861_c39629-1c,1,39629.3,wye,7.19955785679463,37.5,1,0.006999999999999999,-1,0,1.1,0.9,32
mdv201_hn_2_861_c39629-1c,2,x_39629.3,wye,0.24,37.5,1,0.006999999999999999,-1,0,1.1,0.9,32
mdv201_hn_2_716_c52523-1c,1,52523.3,wye,7.19955785679463,15,1,0.00825,-1,0,1.1,0.9,32
mdv201_hn_2_716_c52523-1c,2,x_52523.3,wye,0.24,15,1,0.00825,-1,0,1.1,0.9,32
mdv201_hn_2_074_a8182-1a,1,8182.1,wye,7.19955785679463,15,1,0.00825,-1,0,1.1,0.9,32
mdv201_hn_2_074_a8182-1a,2,x_8182.1,wye,0.24,15,1,0.00825,-1,0,1.1,0.9,32
mdv201_hn_2_067_abc14836-1a,1,14836.1,wye,7.19955785679463,25,1,0.0075,-1,0,1.1,0.9,32
mdv201_hn_2_067_abc14836-1a,2,x_14836.1,wye,0.24,25,1,0.0075,-1,0,1.1,0.9,32
mdv201_hn_2_067_abc14836-1c,1,14836.3,wye,7.19955785679463,15,1,0.00825,-1,0,1.1,0.9,32
mdv201_hn_2_067_abc14836-1c,2,x_14836.3,wye,0.24,15,1,0.00825,-1,0,1.1,0.9,32
mdv201_da_8_673_a6595-1a,1,6595.1,wye,7.19955785679463,25,1,0.0075,-1,0,1.1,0.9,32
mdv201_da_8_673_a6595-1a,2,x_6595.1,wye,0.24,25,1,0.0075,-1,0,1.1,0.9,32
mdv201_da_8_972_c74454-1c,1,74454.3,wye,7.19955785679463,15,1,0.00825,-1,0,1.1,0.9,32
mdv201_da_8_972_c74454-1c,2,x_74454.3,wye,0.24,15,1,0.00825,-1,0,1.1,0.9,32
mdv201_hn_2_970_a63710-1a,1,63710.1,wye,7.19955785679463,37.5,1,0.006999999999999999,-1,0,1.1,0.9,32
mdv201_hn_2_970_a63710-1a,2,x_63710.1,wye,0.24,37.5,1,0.006999999999999999,-1,0,1.1,0.9,32
mdv201_hn_2_854_b39586-1b,1,39586.2,wye,7.19955785679463,25,1,0.0075,-1,0,1.1,0.9,32
mdv201_hn_2_854_b39586-1b,2,x_39586.2,wye,0.24,25,1,0.0075,-1,0,1.1,0.9,32
mdv201_hn_2_708_c52527-1c,1,52527.3,wye,7.19955785679463,25,1,0.0075,-1,0,1.1,0.9,32
mdv201_hn_2_708_c52527-1c,2,x_52527.3,wye,0.24,25,1,0.0075,-1,0,1.1,0.9,32
mdv201_hn_2_413_a838-1a,1,838.1,wye,7.19955785679463,25,1,0.0075,-1,0,1.1,0.9,32
mdv201_hn_2_413_a838-1a,2,x_838.1,wye,0.24,25,1,0.0075,-1,0,1.1,0.9,32
mdv201_hn_2_010_c28269-1c,1,28269.3,wye,7.19955785679463,37.5,1,0.006999999999999999,-1,0,1.1,0.9,32
mdv201_hn_2_010_c28269-1c,2,x_28269.3,wye,0.24,37.5,1,0.006999999999999999,-1,0,1.1,0.9,32
mdv201_hn_1_178_c69653-1c,1,69653.3,wye,7.19955785679463,25,1,0.0075,-1,0,1.1,0.9,32
mdv201_hn_1_178_c69653-1c,2,x_69653.3,wye,0.24,25,1,0.0075,-1,0,1.1,0.9,32
mdv201_105409fuse-1c,1,105409.3,wye,7.19955785679463,25,1,0.0075,-1,0,1.1,0.9,32
mdv201_105409fuse-1c,2,x_105409.3,wye,0.24,25,1,0.0075,-1,0,1.1,0.9,32
mdv201_hn_2_401_b63632-1b,1,63632.2,wye,7.19955785679463,25,1,0.0075,-1,0,1.1,0.9,32
mdv201_hn_2_401_b63632-1b,2,x_63632.2,wye,0.24,25,1,0.0075,-1,0,1.1,0.9,32
mdv201_8105elb-1a,1,8105.1,wye,7.19955785679463,25,1,0.0075,-1,0,1.1,0.9,32
mdv201_8105elb-1a,2,x_8105.1,wye,0.24,25,1,0.0075,-1,0,1.1,0.9,32
mdv201_da_8_773_a74438-1a,1,74438.1,wye,7.19955785679463,50,1,0.006500000000000001,-1,0,1.1,0.9,32
mdv201_da_8_773_a74438-1a,2,x_74438.1,wye,0.24,50,1,0.006500000000000001,-1,0,1.1,0.9,32
mdv201_hn_2_964_a14870-1a,1,14870.1,wye,7.19955785679463,25,1,0.0075,-1,0,1.1,0.9,32
mdv201_hn_2_964_a14870-1a,2,x_14870.1,wye,0.24,25,1,0.0075,-1,0,1.1,0.9,32
mdv201_hn_2_848_b14854-1b,1,14854.2,wye,7.19955785679463,25,1,0.0075,-1,0,1.1,0.9,32
mdv201_hn_2_848_b14854-1b,2,x_14854.2,wye,0.24,25,1,0.0075,-1,0,1.1,0.9,32
mdv201_hn_2_682_a39565-1a,1,39565.1,wye,7.19955785679463,37.5,1,0.006999999999999999,-1,0,1.1,0.9,32
mdv201_hn_2_682_a39565-1a,2,x_39565.1,wye,0.24,37.5,1,0.006999999999999999,-1,0,1.1,0.9,32
mdv201_hn_21054_b1144247-1b,1,1144247.2,wye,7.19955785679463,25,1,0.0075,-1,0,1.1,0.9,32
mdv201_hn_21054_b1144247-1b,2,x_1144247.2,wye,0.24,25,1,0.0075,-1,0,1.1,0.9,32
mdv201_hn_2_141_abc800-1a,1,800.1,wye,7.19955785679463,25,1,0.0075,-1,0,1.1,0.9,32
mdv201_hn_2_141_abc800-1a,2,x_800.1,wye,0.24,25,1,0.0075,-1,0,1.1,0.9,32
mdv201_hn_2_616_abc28226-1c,1,28226.3,wye,7.19955785679463,25,1,0.0075,-1,0,1.1,0.9,32
mdv201_hn_2_616_abc28226-1c,2,x_28226.3,wye,0.24,25,1,0.0075,-1,0,1.1,0.9,32
mdv201_hn_2_154_b62298-1b,1,62298.2,wye,7.19955785679463,37.5,1,0.006999999999999999,-1,0,1.1,0.9,32
mdv201_hn_2_154_b62298-1b,2,x_62298.2,wye,0.24,37.5,1,0.006999999999999999,-1,0,1.1,0.9,32
mdv201_da_7_169_c39742-1c,1,39742.3,wye,7.19955785679463,15,1,0.00825,-1,0,1.1,0.9,32
mdv201_da_7_169_c39742-1c,2,x_39742.3,wye,0.24,15,1,0.00825,-1,0,1.1,0.9,32
mdv201_da_8_781_abc58415-1c,1,58415.3,wye,7.19955785679463,15,1,0.00825,-1,0,1.1,0.9,32
mdv201_da_8_781_abc58415-1c,2,x_58415.3,wye,0.24,15,1,0.00825,-1,0,1.1,0.9,32
mdv201_hn_2_954_b39771-1b,1,39771.2,wye,7.19955785679463,25,1,0.0075,-1,0,1.1,0.9,32
mdv201_hn_2_954_b39771-1b,2,x_39771.2,wye,0.24,25,1,0.0075,-1,0,1.1,0.9,32
mdv201_hn_2_842_b94740-1b,1,94740.2,wye,7.19955785679463,25,1,0.0075,-1,0,1.1,0.9,32
mdv201_hn_2_842_b94740-1b,2,x_94740.2,wye,0.24,25,1,0.0075,-1,0,1.1,0.9,32
mdv201_hn_2_674_c62310-1c,1,62310.3,wye,7.19955785679463,25,1,0.0075,-1,0,1.1,0.9,32
mdv201_hn_2_674_c62310-1c,2,x_62310.3,wye,0.24,25,1,0.0075,-1,0,1.1,0.9,32
mdv201_hn_2_437_c14848-1c,1,14848.3,wye,7.19955785679463,15,1,0.00825,-1,0,1.1,0.9,32
mdv201_hn_2_437_c14848-1c,2,x_14848.3,wye,0.24,15,1,0.00825,-1,0,1.1,0.9,32
mdv201_hn_2_462_c62243-1c,1,62243.3,wye,7.19955785679463,37.5,1,0.006999999999999999,-1,0,1.1,0.9,32
mdv201_hn_2_462_c62243-1c,2,x_62243.3,wye,0.24,37.5,1,0.006999999999999999,-1,0,1.1,0.9,32
mdv201_da_7_205_c39749-1c,1,39749.3,wye,7.19955785679463,15,1,0.00825,-1,0,1.1,0.9,32
mdv201_da_7_205_c39749-1c,2,x_39749.3,wye,0.24,15,1,0.00825,-1,0,1.1,0.9,32
mdv201_62302elb-1b,1,62302.2,wye,7.19955785679463,37.5,1,0.006999999999999999,-1,0,1.1,0.9,32
mdv201_62302elb-1b,2,x_62302.2,wye,0.24,37.5,1,0.006999999999999999,-1,0,1.1,0.9,32
mdv201_hn_2_836_b39616-1b,1,39616.2,wye,7.19955785679463,37.5,1,0.006999999999999999,-1,0,1.1,0.9,32
mdv201_hn_2_836_b39616-1b,2,x_39616.2,wye,0.24,37.5,1,0.006999999999999999,-1,0,1.1,0.9,32
mdv201_hn_2_388_b802-1b,1,802.2,wye,7.19955785679463,25,1,0.0075,-1,0,1.1,0.9,32
mdv201_hn_2_388_b802-1b,2,x_802.2,wye,0.24,25,1,0.0075,-1,0,1.1,0.9,32
mdv201_hn_2_432_b786-1b,1,786.2,wye,7.19955785679463,25,1,0.0075,-1,0,1.1,0.9,32
mdv201_hn_2_432_b786-1b,2,x_786.2,wye,0.24,25,1,0.0075,-1,0,1.1,0.9,32
mdv201_hn_2_014_c39766-1c,1,39766.3,wye,7.19955785679463,15,1,0.00825,-1,0,1.1,0.9,32
mdv201_hn_2_014_c39766-1c,2,x_39766.3,wye,0.24,15,1,0.00825,-1,0,1.1,0.9,32
mdv201_hn_2_223_b8168-1b,1,8168.2,wye,7.19955785679463,25,1,0.0075,-1,0,1.1,0.9,32
mdv201_hn_2_223_b8168-1b,2,x_8168.2,wye,0.24,25,1,0.0075,-1,0,1.1,0.9,32
mdv201_hn_2_530_c8156-1c,1,8156.3,wye,7.19955785679463,37.5,1,0.006999999999999999,-1,0,1.1,0.9,32
mdv201_hn_2_530_c8156-1c,2,x_8156.3,wye,0.24,37.5,1,0.006999999999999999,-1,0,1.1,0.9,32
mdv201_da_7_490_a58425-1a,1,58425.1,wye,7.19955785679463,25,1,0.0075,-1,0,1.1,0.9,32
mdv201_da_7_490_a58425-1a,2,x_58425.1,wye,0.24,25,1,0.0075,-1,0,1.1,0.9,32
mdv201_hn_2_941_b39760-1b,1,39760.2,wye,7.19955785679463,25,1,0.0075,-1,0,1.1,0.9,32
mdv201_hn_2_941_b39760-1b,2,x_39760.2,wye,0.24,25,1,0.0075,-1,0,1.1,0.9,32
mdv201_hn_2_830_a14875-1a,1,14875.1,wye,7.19955785679463,25,1,0.0075,-1,0,1.1,0.9,32
mdv201_hn_2_830_a14875-1a,2,x_14875.1,wye,0.24,25,1,0.0075,-1,0,1.1,0.9,32
mdv201_hn_2_661_c62248-1c,1,62248.3,wye,7.19955785679463,25,1,0.0075,-1,0,1.1,0.9,32
mdv201_hn_2_661_c62248-1c,2,x_62248.3,wye,0.24,25,1,0.0075,-1,0,1.1,0.9,32
mdv201_hn_2_399_b63641-1b,1,63641.2,wye,7.19955785679463,25,1,0.0075,-1,0,1.1,0.9,32
mdv201_hn_2_399_b63641-1b,2,x_63641.2,wye,0.24,25,1,0.0075,-1,0,1.1,0.9,32
mdv201_hn_2_420_a814-1a,1,814.1,wye,7.19955785679463,25,1,0.0075,-1,0,1.1,0.9,32
mdv201_hn_2_420_a814-1a,2,x_814.1,wye,0.24,25,1,0.0075,-1,0,1.1,0.9,32
mdv201_15004elb-1b,1,15004.2,wye,7.19955785679463,25,1,0.0075,-1,0,1.1,0.9,32
mdv201_15004elb-1b,2,x_15004.2,wye,0.24,25,1,0.0075,-1,0,1.1,0.9,32
mdv201_hn_2_486_c1103251-1c,1,1103251.3,wye,7.19955785679463,15,1,0.00825,-1,0,1.1,0.9,32
mdv201_hn_2_486_c1103251-1c,2,x_1103251.3,wye,0.24,15,1,0.00825,-1,0,1.1,0.9,32
mdv201_da_8_905_a58413-1a,1,58413.1,wye,7.19955785679463,15,1,0.00825,-1,0,1.1,0.9,32
mdv201_da_8_905_a58413-1a,2,x_58413.1,wye,0.24,15,1,0.00825,-1,0,1.1,0.9,32
mdv201_hn_2_820_b39623-1b,1,39623.2,wye,7.19955785679463,25,1,0.0075,-1,0,1.1,0.9,32
mdv201_hn_2_820_b39623-1b,2,x_39623.2,wye,0.24,25,1,0.0075,-1,0,1.1,0.9,32
mdv201_hn_2_655_a14863-1a,1,14863.1,wye,7.19955785679463,25,1,0.0075,-1,0,1.1,0.9,32
mdv201_hn_2_655_a14863-1a,2,x_14863.1,wye,0.24,25,1,0.0075,-1,0,1.1,0.9,32
mdv201_hn_1_449_b94735-1b,1,94735.2,wye,7.19955785679463,25,1,0.0075,-1,0,1.1,0.9,32
mdv201_hn_1_449_b94735-1b,2,x_94735.2,wye,0.24,25,1,0.0075,-1,0,1.1,0.9,32
mdv201_hn_2_395_abc63657-1b,1,63657.2,wye,7.19955785679463,37.5,1,0.006999999999999999,-1,0,1.1,0.9,32
mdv201_hn_2_395_abc63657-1b,2,x_63657.2,wye,0.24,37.5,1,0.006999999999999999,-1,0,1.1,0.9,32
mdv201_hn_1_165_c89780-1c,1,89780.3,wye,7.19955785679463,15,1,0.00825,-1,0,1.1,0.9,32
mdv201_hn_1_165_c89780-1c,2,x_89780.3,wye,0.24,15,1,0.00825,-1,0,1.1,0.9,32
mdv201_39759elb-1b,1,39759.2,wye,7.19955785679463,37.5,1,0.006999999999999999,-1,0,1.1,0.9,32
mdv201_39759elb-1b,2,x_39759.2,wye,0.24,37.5,1,0.006999999999999999,-1,0,1.1,0.9,32
mdv201_hn_2_406_b806-1b,1,806.2,wye,7.19955785679463,37.5,1,0.006999999999999999,-1,0,1.1,0.9,32
mdv201_hn_2_406_b806-1b,2,x_806.2,wye,0.24,37.5,1,0.006999999999999999,-1,0,1.1,0.9,32
mdv201_hn_2_928_c94732-1c,1,94732.3,wye,7.19955785679463,25,1,0.0075,-1,0,1.1,0.9,32
mdv201_hn_2_928_c94732-1c,2,x_94732.3,wye,0.24,25,1,0.0075,-1,0,1.1,0.9,32
mdv201_hn_2_649_a28248-1a,1,28248.1,wye,7.19955785679463,50,1,0.006500000000000001,-1,0,1.1,0.9,32
mdv201_hn_2_649_a28248-1a,2,x_28248.1,wye,0.24,50,1,0.006500000000000001,-1,0,1.1,0.9,32
mdv201_hn_2_168_c14978-1c,1,14978.3,wye,7.19955785679463,25,1,0.0075,-1,0,1.1,0.9,32
mdv201_hn_2_168_c14978-1c,2,x_14978.3,wye,0.24,25,1,0.0075,-1,0,1.1,0.9,32
mdv201_hn_2_312_abc44586-1b,1,44586.2,wye,7.19955785679463,25,1,0.0075,-1,0,1.1,0.9,32
mdv201_hn_2_312_abc44586-1b,2,x_44586.2,wye,0.24,25,1,0.0075,-1,0,1.1,0.9,32
mdv201_c_1_412_a8128-1a,1,8128.1,wye,7.19955785679463,25,1,0.0075,-1,0,1.1,0.9,32
mdv201_c_1_412_a8128-1a,2,x_8128.1,wye,0.24,25,1,0.0075,-1,0,1.1,0.9,32
mdv201_hn_1_450_b52513-1b,1,52513.2,wye,7.19955785679463,25,1,0.0075,-1,0,1.1,0.9,32
mdv201_hn_1_450_b52513-1b,2,x_52513.2,wye,0.24,25,1,0.0075,-1,0,1.1,0.9,32
mdv201_c_1_402_a21650-1a,1,21650.1,wye,7.19955785679463,25,1,0.0075,-1,0,1.1,0.9,32
mdv201_c_1_402_a21650-1a,2,x_21650.1,wye,0.24,25,1,0.0075,-1,0,1.1,0.9,32
mdv201_da_8_728_c39745-1c,1,39745.3,wye,7.19955785679463,25,1,0.0075,-1,0,1.1,0.9,32
mdv201_da_8_728_c39745-1c,2,x_39745.3,wye,0.24,25,1,0.0075,-1,0,1.1,0.9,32
mdv201_hn_2_643_a28241-1a,1,28241.1,wye,7.19955785679463,25,1,0.0075,-1,0,1.1,0.9,32
mdv201_hn_2_643_a28241-1a,2,x_28241.1,wye,0.24,25,1,0.0075,-1,0,1.1,0.9,32
mdv201_hn_2_096_abc39575-1a,1,39575.1,wye,7.19955785679463,25,1,0.0075,-1,0,1.1,0.9,32
mdv201_hn_2_096_abc39575-1a,2,x_39575.1,wye,0.24,25,1,0.0075,-1,0,1.1,0.9,32
mdv201_da_8_459_a6583-1a,1,6583.1,wye,7.19955785679463,25,1,0.0075,-1,0,1.1,0.9,32
mdv201_da_8_459_a6583-1a,2,x_6583.1,wye,0.24,25,1,0.0075,-1,0,1.1,0.9,32
mdv201_da_8_786_b1144236-1b,1,1144236.2,wye,7.19955785679463,37.5,1,0.006999999999999999,-1,0,1.1,0.9,32
mdv201_da_8_786_b1144236-1b,2,x_1144236.2,wye,0.24,37.5,1,0.006999999999999999,-1,0,1.1,0.9,32
mdv201_hn_2_431_b789-1b,1,789.2,wye,7.19955785679463,37.5,1,0.006999999999999999,-1,0,1.1,0.9,32
mdv201_hn_2_431_b789-1b,2,x_789.2,wye,0.24,37.5,1,0.006999999999999999,-1,0,1.1,0.9,32
mdv201_hn_2_802_b836-1b,1,836.2,wye,7.19955785679463,37.5,1,0.006999999999999999,-1,0,1.1,0.9,32
mdv201_hn_2_802_b836-1b,2,x_836.2,wye,0.24,37.5,1,0.006999999999999999,-1,0,1.1,0.9,32
mdv201_hn_2_637_c28240-1c,1,28240.3,wye,7.19955785679463,25,1,0.0075,-1,0,1.1,0.9,32
mdv201_hn_2_637_c28240-1c,2,x_28240.3,wye,0.24,25,1,0.0075,-1,0,1.1,0.9,32
mdv201_hn_2_148_c14837-1c,1,14837.3,wye,7.19955785679463,25,1,0.0075,-1,0,1.1,0.9,32
mdv201_hn_2_148_c14837-1c,2,x_14837.3,wye,0.24,25,1,0.0075,-1,0,1.1,0.9,32
mdv201_hn_1_152_c1012414-1c,1,1012414.3,wye,7.19955785679463,25,1,0.0075,-1,0,1.1,0.9,32
mdv201_hn_1_152_c1012414-1c,2,x_1012414.3,wye,0.24,25,1,0.0075,-1,0,1.1,0.9,32
mdv201_hn_2_324_c14844-1c,1,14844.3,wye,7.19955785679463,25,1,0.0075,-1,0,1.1,0.9,32
mdv201_hn_2_324_c14844-1c,2,x_14844.3,wye,0.24,25,1,0.0075,-1,0,1.1,0.9,32
mdv201_da_8_494_a74434-1a,1,74434.1,wye,7.19955785679463,25,1,0.0075,-1,0,1.1,0.9,32
mdv201_da_8_494_a74434-1a,2,x_74434.1,wye,0.24,25,1,0.0075,-1,0,1.1,0.9,32
mdv201_da_8_146_abc6578-1a,1,6578.1,wye,7.19955785679463,37.5,1,0.006999999999999999,-1,0,1.1,0.9,32
mdv201_da_8_146_abc6578-1a,2,x_6578.1,wye,0.24,37.5,1,0.006999999999999999,-1,0,1.1,0.9,32
mdv201_62249elb-1b,1,62249.2,wye,7.19955785679463,25,1,0.0075,-1,0,1.1,0.9,32
mdv201_62249elb-1b,2,x_62249.2,wye,0.24,25,1,0.0075,-1,0,1.1,0.9,32
mdv201_hn_2_893_a39590-1a,1,39590.1,wye,7.19955785679463,25,1,0.0075,-1,0,1.1,0.9,32
mdv201_hn_2_893_a39590-1a,2,x_39590.1,wye,0.24,25,1,0.0075,-1,0,1.1,0.9,32
mdv201_hn_2_631_c28233-1c,1,28233.3,wye,7.19955785679463,25,1,0.0075,-1,0,1.1,0.9,32
mdv201_hn_2_631_c28233-1c,2,x_28233.3,wye,0.24,25,1,0.0075,-1,0,1.1,0.9,32
mdv201_hn_2_007_bc28292-1b,1,28292.2,wye,7.19955785679463,37.5,1,0.006999999999999999,-1,0,1.1,0.9,32
mdv201_hn_2_007_bc28292-1b,2,x_28292.2,wye,0.24,37.5,1,0.006999999999999999,-1,0,1.1,0.9,32
mdv201_hn_2_318_c28272-1c,1,28272.3,wye,7.19955785679463,25,1,0.0075,-1,0,1.1,0.9,32
mdv201_hn_2_318_c28272-1c,2,x_28272.3,wye,0.24,25,1,0.0075,-1,0,1.1,0.9,32
mdv201_1144263fuse-1a,1,1144263.1,wye,7.19955785679463,25,1,0.0075,-1,0,1.1,0.9,32
mdv201_1144263fuse-1a,2,x_1144263.1,wye,0.24,25,1,0.0075,-1,0,1.1,0.9,32
mdv201_hn_2_146_abc63663-1a,1,63663.1,wye,7.19955785679463,25,1,0.0075,-1,0,1.1,0.9,32
mdv201_hn_2_146_abc63663-1a,2,x_63663.1,wye,0.24,25,1,0.0075,-1,0,1.1,0.9,32
mdv201_da_8_676_a56755-1a,1,56755.1,wye,7.19955785679463,37.5,1,0.006999999999999999,-1,0,1.1,0.9,32
mdv201_da_8_676_a56755-1a,2,x_56755.1,wye,0.24,37.5,1,0.006999999999999999,-1,0,1.1,0.9,32
mdv201_da_8_731_c74450-1c,1,74450.3,wye,7.19955785679463,25,1,0.0075,-1,0,1.1,0.9,32
mdv201_da_8_731_c74450-1c,2,x_74450.3,wye,0.24,25,1,0.0075,-1,0,1.1,0.9,32
mdv201_c_1_083_b69488-1b,1,69488.2,wye,7.19955785679463,37.5,1,0.006999999999999999,-1,0,1.1,0.9,32
mdv201_c_1_083_b69488-1b,2,x_69488.2,wye,0.24,37.5,1,0.006999999999999999,-1,0,1.1,0.9,32
mdv201_hn_2_877_c63672-1c,1,63672.3,wye,7.19955785679463,25,1,0.0075,-1,0,1.1,0.9,32
mdv201_hn_2_877_c63672-1c,2,x_63672.3,wye,0.24,25,1,0.0075,-1,0,1.1,0.9,32
mdv201_hn_2_625_c14882-1c,1,14882.3,wye,7.19955785679463,25,1,0.0075,-1,0,1.1,0.9,32
mdv201_hn_2_625_c14882-1c,2,x_14882.3,wye,0.24,25,1,0.0075,-1,0,1.1,0.9,32
mdv201_hn_2_417_a842-1a,1,842.1,wye,7.19955785679463,15,1,0.00825,-1,0,1.1,0.9,32
mdv201_hn_2_417_a842-1a,2,x_842.1,wye,0.24,15,1,0.00825,-1,0,1.1,0.9,32
mdv201_hn_2_387_b804-1b,1,804.2,wye,7.19955785679463,37.5,1,0.006999999999999999,-1,0,1.1,0.9,32
mdv201_hn_2_387_b804-1b,2,x_804.2,wye,0.24,37.5,1,0.006999999999999999,-1,0,1.1,0.9,32
mdv201_hn_2_512_b1144252-1b,1,1144252.2,wye,7.19955785679463,25,1,0.0075,-1,0,1.1,0.9,32
mdv201_hn_2_512_b1144252-1b,2,x_1144252.2,wye,0.24,25,1,0.0075,-1,0,1.1,0.9,32
mdv201_hn_2_290_c14838-1c,1,14838.3,wye,7.19955785679463,15,1,0.00825,-1,0,1.1,0.9,32
mdv201_hn_2_290_c14838-1c,2,x_14838.3,wye,0.24,15,1,0.00825,-1,0,1.1,0.9,32
mdv201_hn_2_871_c39630-1c,1,39630.3,wye,7.19955785679463,25,1,0.0075,-1,0,1.1,0.9,32
mdv201_hn_2_871_c39630-1c,2,x_39630.3,wye,0.24,25,1,0.0075,-1,0,1.1,0.9,32
mdv201_hn_2_725_a1144264-1a,1,1144264.1,wye,7.19955785679463,25,1,0.0075,-1,0,1.1,0.9,32
mdv201_hn_2_725_a1144264-1a,2,x_1144264.1,wye,0.24,25,1,0.0075,-1,0,1.1,0.9,32
mdv201_hn_2_113_abc8184-1a,1,8184.1,wye,7.19955785679463,15,1,0.00825,-1,0,1.1,0.9,32
mdv201_hn_2_113_abc8184-1a,2,x_8184.1,wye,0.24,15,1,0.00825,-1,0,1.1,0.9,32
mdv201_hn_1_274_a94747-1a,1,94747.1,wye,7.19955785679463,15,1,0.00825,-1,0,1.1,0.9,32
mdv201_hn_1_274_a94747-1a,2,x_94747.1,wye,0.24,15,1,0.00825,-1,0,1.1,0.9,32
mdv201_hn_2_068_abc14845-1a,1,14845.1,wye,7.19955785679463,37.5,1,0.006999999999999999,-1,0,1.1,0.9,32
mdv201_hn_2_068_abc14845-1a,2,x_14845.1,wye,0.24,37.5,1,0.006999999999999999,-1,0,1.1,0.9,32
mdv201_hn_2_111_abc69617-1a,1,69617.1,wye,7.19955785679463,25,1,0.0075,-1,0,1.1,0.9,32
mdv201_hn_2_111_abc69617-1a,2,x_69617.1,wye,0.24,25,1,0.0075,-1,0,1.1,0.9,32
mdv201_da_8_203_c46407-1c,1,46407.3,wye,7.19955785679463,37.5,1,0.006999999999999999,-1,0,1.1,0.9,32
mdv201_da_8_203_c46407-1c,2,x_46407.3,wye,0.24,37.5,1,0.006999999999999999,-1,0,1.1,0.9,32
mdv201_c_1_069_abc69484-1b,1,69484.2,wye,7.19955785679463,37.5,1,0.006999999999999999,-1,0,1.1,0.9,32
mdv201_c_1_069_abc69484-1b,2,x_69484.2,wye,0.24,37.5,1,0.006999999999999999,-1,0,1.1,0.9,32
mdv201_8109elb-1a,1,8109.1,wye,7.19955785679463,25,1,0.0075,-1,0,1.1,0.9,32
mdv201_8109elb-1a,2,x_8109.1,wye,0.24,25,1,0.0075,-1,0,1.1,0.9,32
mdv201_hn_2_865_c39628-1c,1,39628.3,wye,7.19955785679463,25,1,0.0075,-1,0,1.1,0.9,32
mdv201_hn_2_865_c39628-1c,2,x_39628.3,wye,0.24,25,1,0.0075,-1,0,1.1,0.9,32
mdv201_hn_1_147_c1012412-1c,1,1012412.3,wye,7.19955785679463,50,1,0.006500000000000001,-1,0,1.1,0.9,32
mdv201_hn_1_147_c1012412-1c,2,x_1012412.3,wye,0.24,50,1,0.006500000000000001,-1,0,1.1,0.9,32
mdv201_hn_2_336_b8196-1b,1,8196.2,wye,7.19955785679463,25,1,0.0075,-1,0,1.1,0.9,32
mdv201_hn_2_336_b8196-1b,2,x_8196.2,wye,0.24,25,1,0.0075,-1,0,1.1,0.9,32
mdv201_hn_2_143_abc63642-1a,1,63642.1,wye,7.19955785679463,15,1,0.00825,-1,0,1.1,0.9,32
mdv201_hn_2_143_abc63642-1a,2,x_63642.1,wye,0.24,15,1,0.00825,-1,0,1.1,0.9,32
mdv201_hn_2_011_c28265-1c,1,28265.3,wye,7.19955785679463,25,1,0.0075,-1,0,1.1,0.9,32
mdv201_hn_2_011_c28265-1c,2,x_28265.3,wye,0.24,25,1,0.0075,-1,0,1.1,0.9,32
mdv201_hn_2_092_abc63711-1b,1,63711.2,wye,7.19955785679463,25,1,0.0075,-1,0,1.1,0.9,32
mdv201_hn_2_092_abc63711-1b,2,x_63711.2,wye,0.24,25,1,0.0075,-1,0,1.1,0.9,32
mdv201_hn_2_981_b14997-1b,1,14997.2,wye,7.19955785679463,25,1,0.0075,-1,0,1.1,0.9,32
mdv201_hn_2_981_b14997-1b,2,x_14997.2,wye,0.24,25,1,0.0075,-1,0,1.1,0.9,32
mdv201_hn_2_855_b39585-1b,1,39585.2,wye,7.19955785679463,25,1,0.0075,-1,0,1.1,0.9,32
mdv201_hn_2_855_b39585-1b,2,x_39585.2,wye,0.24,25,1,0.0075,-1,0,1.1,0.9,32
mdv201_hn_2_709_c52528-1c,1,52528.3,wye,7.19955785679463,25,1,0.0075,-1,0,1.1,0.9,32
mdv201_hn_2_709_c52528-1c,2,x_52528.3,wye,0.24,25,1,0.0075,-1,0,1.1,0.9,32
mdv201_hn_2_133_abc8083-1a,1,8083.1,wye,7.19955785679463,37.5,1,0.006999999999999999,-1,0,1.1,0.9,32
mdv201_hn_2_133_abc8083-1a,2,x_8083.1,wye,0.24,37.5,1,0.006999999999999999,-1,0,1.1,0.9,32
